listing_id,price,size,rooms,energy_label,image_url,hash,class_prediction,confidence
80881399,419500,95,4 kamers (3 slaapkamers),A,https://cloud.funda.nl/valentina_media/231/642/095.jpg?options=width=1080,6fdb75794d,exterior_house_garden,0.9043
80881399,419500,95,4 kamers (3 slaapkamers),A,https://cloud.funda.nl/valentina_media/231/642/105.jpg?options=width=1080,a40b245a85,exterior_house_garden,0.7876
80881399,419500,95,4 kamers (3 slaapkamers),A,https://cloud.funda.nl/valentina_media/231/642/070.jpg?options=width=2160,cd91b06924,interior_other,0.9974
80881399,419500,95,4 kamers (3 slaapkamers),A,https://cloud.funda.nl/valentina_media/231/642/088.jpg?options=width=1440,dc7d4a6ee5,interior_other,0.9991
80881399,419500,95,4 kamers (3 slaapkamers),A,https://cloud.funda.nl/valentina_media/231/642/102.jpg?options=width=1440,7085bd41df,interior_other,0.9987
80881399,419500,95,4 kamers (3 slaapkamers),A,https://cloud.funda.nl/valentina_media/231/642/110.jpg?options=width=2160,dc94f06785,interior_other,1.0
80881399,419500,95,4 kamers (3 slaapkamers),A,https://cloud.funda.nl/valentina_media/231/642/071.jpg?options=width=1080,97b6e57081,interior_other,0.9991
80881399,419500,95,4 kamers (3 slaapkamers),A,https://cloud.funda.nl/valentina_media/231/642/100.jpg?options=width=1080,3b12542ded,interior_other,0.9988
80881399,419500,95,4 kamers (3 slaapkamers),A,https://cloud.funda.nl/valentina_media/231/642/106.jpg?options=width=2160,3a831edb6b,interior_other,0.9934
80881399,419500,95,4 kamers (3 slaapkamers),A,https://cloud.funda.nl/valentina_media/231/642/113.jpg?options=width=1440,4451242242,interior_other,0.9992
80881399,419500,95,4 kamers (3 slaapkamers),A,https://cloud.funda.nl/valentina_media/231/642/115.jpg?options=width=1080,731e799e10,interior_other,0.9939
80881399,419500,95,4 kamers (3 slaapkamers),A,https://cloud.funda.nl/valentina_media/231/642/074.jpg?options=width=2160,d8fa179343,interior_other,0.9999
80881399,419500,95,4 kamers (3 slaapkamers),A,https://cloud.funda.nl/valentina_media/231/642/072.jpg?options=width=1080,b7ae7f4e01,interior_other,0.8098
80881399,419500,95,4 kamers (3 slaapkamers),A,https://cloud.funda.nl/valentina_media/231/642/091.jpg?options=width=1440,bad0ecb86b,interior_other,0.9973
80881399,419500,95,4 kamers (3 slaapkamers),A,https://cloud.funda.nl/valentina_media/231/642/077.jpg?options=width=2160,c9750d57af,interior_bathroom,0.5304
80881399,419500,95,4 kamers (3 slaapkamers),A,https://cloud.funda.nl/valentina_media/231/642/114.jpg?options=width=1080,40e6c1b2b8,interior_other,0.9863
80881399,419500,95,4 kamers (3 slaapkamers),A,https://cloud.funda.nl/valentina_media/231/642/096.jpg?options=width=1080,3818a27861,exterior_house_garden,0.5121
80881399,419500,95,4 kamers (3 slaapkamers),A,https://cloud.funda.nl/valentina_media/231/642/073.jpg?options=width=2160,cd5d841488,interior_other,0.9445
80881399,419500,95,4 kamers (3 slaapkamers),A,https://cloud.funda.nl/valentina_media/231/642/094.jpg?options=width=1440,cbdca27b61,interior_other,0.9999
80881399,419500,95,4 kamers (3 slaapkamers),A,https://cloud.funda.nl/valentina_media/231/642/083.jpg?options=width=1440,e478acf054,interior_other,0.9813
80881399,419500,95,4 kamers (3 slaapkamers),A,https://cloud.funda.nl/valentina_media/231/642/087.jpg?options=width=2160,36a94e7586,interior_other,0.9887
80881399,419500,95,4 kamers (3 slaapkamers),A,https://cloud.funda.nl/valentina_media/231/642/081.jpg?options=width=1080,1d8e16f7e0,interior_other,0.9769
80881399,419500,95,4 kamers (3 slaapkamers),A,https://cloud.funda.nl/valentina_media/231/642/117.jpg?options=width=1080,39001f365b,interior_other,1.0
80881399,419500,95,4 kamers (3 slaapkamers),A,https://cloud.funda.nl/valentina_media/231/642/111.jpg?options=width=2160,fc9bc04767,interior_other,0.9954
80881399,419500,95,4 kamers (3 slaapkamers),A,https://cloud.funda.nl/valentina_media/231/642/098.jpg?options=width=1440,472198d6b9,interior_other,0.9788
80881399,419500,95,4 kamers (3 slaapkamers),A,https://cloud.funda.nl/valentina_media/231/642/078.jpg?options=width=1080,4e8cb15e35,interior_bathroom,0.9857
80881399,419500,95,4 kamers (3 slaapkamers),A,https://cloud.funda.nl/valentina_media/231/642/076.jpg?options=width=2160,07d486517a,interior_bathroom,0.9935
80881399,419500,95,4 kamers (3 slaapkamers),A,https://cloud.funda.nl/valentina_media/231/642/103.jpg?options=width=1080,f5c294f702,interior_bathroom,0.9981
80881399,419500,95,4 kamers (3 slaapkamers),A,https://cloud.funda.nl/valentina_media/231/642/086.jpg?options=width=1440,8101453625,interior_other,0.9885
80881399,419500,95,4 kamers (3 slaapkamers),A,https://cloud.funda.nl/valentina_media/231/642/090.jpg?options=width=2160,a7f5c78ad1,interior_other,0.9872
80881399,419500,95,4 kamers (3 slaapkamers),A,https://cloud.funda.nl/valentina_media/231/642/089.jpg?options=width=1080,93ee3496d7,interior_other,0.6135
80881399,419500,95,4 kamers (3 slaapkamers),A,https://cloud.funda.nl/valentina_media/231/642/075.jpg?options=width=1080,4c7044e324,exterior_house_garden,0.8218
80881399,419500,95,4 kamers (3 slaapkamers),A,https://cloud.funda.nl/valentina_media/231/642/108.jpg?options=width=2160,3e04833551,exterior_house_garden,0.9755
80881399,419500,95,4 kamers (3 slaapkamers),A,https://cloud.funda.nl/valentina_media/231/642/107.jpg?options=width=1440,2437fce9d9,exterior_house_garden,0.9939
80881399,419500,95,4 kamers (3 slaapkamers),A,https://cloud.funda.nl/valentina_media/231/642/097.jpg?options=width=1440,09bf9dadee,interior_other,0.4028
80881399,419500,95,4 kamers (3 slaapkamers),A,https://cloud.funda.nl/valentina_media/231/642/084.jpg?options=width=2160,57de264754,exterior_house_garden,0.9998
80881399,419500,95,4 kamers (3 slaapkamers),A,https://cloud.funda.nl/valentina_media/231/642/092.jpg?options=width=1080,8fb292e2f8,exterior_house_garden,0.9719
80881399,419500,95,4 kamers (3 slaapkamers),A,https://cloud.funda.nl/valentina_media/231/642/085.jpg?options=width=1080,9e9ca59a38,interior_other,0.8124
80881399,419500,95,4 kamers (3 slaapkamers),A,https://cloud.funda.nl/valentina_media/231/642/099.jpg?options=width=2160,6a70f6bab4,exterior_other,0.8126
80881399,419500,95,4 kamers (3 slaapkamers),A,https://cloud.funda.nl/valentina_media/231/642/082.jpg?options=width=1440,0c593048fd,exterior_other,0.9831
80881399,419500,95,4 kamers (3 slaapkamers),A,https://cloud.funda.nl/valentina_media/231/642/079.jpg?options=width=1080,d000be5e4f,exterior_house_garden,0.583
80881399,419500,95,4 kamers (3 slaapkamers),A,https://cloud.funda.nl/valentina_media/231/642/104.jpg?options=width=2160,b7b7e0ab97,exterior_house_garden,0.8259
80881399,419500,95,4 kamers (3 slaapkamers),A,https://cloud.funda.nl/valentina_media/231/642/080.jpg?options=width=1080,96c39c681c,exterior_other,0.7202
80881399,419500,95,4 kamers (3 slaapkamers),A,https://cloud.funda.nl/valentina_media/231/642/109.jpg?options=width=1440,d9d4cf3c52,other_map,0.9944
80881399,419500,95,4 kamers (3 slaapkamers),A,https://cloud.funda.nl/valentina_media/231/642/101.jpg?options=width=2160,ee73e64128,other_map,0.9991
80881399,419500,95,4 kamers (3 slaapkamers),A,https://cloud.funda.nl/valentina_media/231/642/093.jpg?options=width=1080,3a7e1eca4f,other_map,0.9997
80881399,419500,95,4 kamers (3 slaapkamers),A,https://cloud.funda.nl/valentina_media/231/642/112.jpg?options=width=1080,d0b2443d85,other_map,0.9998
80881399,419500,95,4 kamers (3 slaapkamers),A,https://cloud.funda.nl/valentina_media/231/642/116.jpg?options=width=2160,582fc24819,other_map,0.9993
44427740,385000,65,3 kamers (2 slaapkamers),E,https://cloud.funda.nl/valentina_media/231/641/954.jpg?options=width=1080,5863cf30f2,exterior_other,0.7281
44427740,385000,65,3 kamers (2 slaapkamers),E,https://cloud.funda.nl/valentina_media/231/641/933.jpg?options=width=1080,fce59e3200,exterior_house_garden,0.5422
44427740,385000,65,3 kamers (2 slaapkamers),E,https://cloud.funda.nl/valentina_media/231/641/940.jpg?options=width=2160,a94939bce7,interior_other,0.9999
44427740,385000,65,3 kamers (2 slaapkamers),E,https://cloud.funda.nl/valentina_media/231/641/938.jpg?options=width=1440,14f9cd4436,interior_other,0.9982
44427740,385000,65,3 kamers (2 slaapkamers),E,https://cloud.funda.nl/valentina_media/231/641/955.jpg?options=width=1440,f1af5d8209,interior_other,0.9992
44427740,385000,65,3 kamers (2 slaapkamers),E,https://cloud.funda.nl/valentina_media/231/641/937.jpg?options=width=2160,0cf31c111d,interior_other,0.9999
44427740,385000,65,3 kamers (2 slaapkamers),E,https://cloud.funda.nl/valentina_media/231/641/943.jpg?options=width=1080,e1defe7832,interior_other,0.992
44427740,385000,65,3 kamers (2 slaapkamers),E,https://cloud.funda.nl/valentina_media/231/641/927.jpg?options=width=1080,ff396c6964,interior_other,0.999
44427740,385000,65,3 kamers (2 slaapkamers),E,https://cloud.funda.nl/valentina_media/231/641/948.jpg?options=width=2160,30a2370862,interior_other,0.9299
44427740,385000,65,3 kamers (2 slaapkamers),E,https://cloud.funda.nl/valentina_media/231/641/939.jpg?options=width=1440,2fe252d672,exterior_balcony,0.9996
44427740,385000,65,3 kamers (2 slaapkamers),E,https://cloud.funda.nl/valentina_media/231/641/947.jpg?options=width=1080,cf7b44c6c9,exterior_balcony,0.9818
44427740,385000,65,3 kamers (2 slaapkamers),E,https://cloud.funda.nl/valentina_media/231/641/941.jpg?options=width=2160,0e5fd9a615,exterior_other,0.8634
44427740,385000,65,3 kamers (2 slaapkamers),E,https://cloud.funda.nl/valentina_media/231/641/953.jpg?options=width=1080,1323650f64,interior_other,0.9997
44427740,385000,65,3 kamers (2 slaapkamers),E,https://cloud.funda.nl/valentina_media/231/641/930.jpg?options=width=1440,e165f6b818,interior_bathroom,0.9624
44427740,385000,65,3 kamers (2 slaapkamers),E,https://cloud.funda.nl/valentina_media/231/641/925.jpg?options=width=2160,b04d41a0bd,interior_other,0.9991
44427740,385000,65,3 kamers (2 slaapkamers),E,https://cloud.funda.nl/valentina_media/231/641/951.jpg?options=width=1080,02285e8602,interior_other,0.9942
44427740,385000,65,3 kamers (2 slaapkamers),E,https://cloud.funda.nl/valentina_media/231/641/942.jpg?options=width=1080,7216899b22,interior_other,0.5025
44427740,385000,65,3 kamers (2 slaapkamers),E,https://cloud.funda.nl/valentina_media/231/641/931.jpg?options=width=2160,bc0bb0245c,interior_bathroom,0.9999
44427740,385000,65,3 kamers (2 slaapkamers),E,https://cloud.funda.nl/valentina_media/231/641/935.jpg?options=width=1440,24862710da,interior_bathroom,0.7073
44427740,385000,65,3 kamers (2 slaapkamers),E,https://cloud.funda.nl/valentina_media/231/641/946.jpg?options=width=1440,da91c79c9f,interior_other,1.0
44427740,385000,65,3 kamers (2 slaapkamers),E,https://cloud.funda.nl/valentina_media/231/641/945.jpg?options=width=2160,5971fac64f,interior_other,0.9811
44427740,385000,65,3 kamers (2 slaapkamers),E,https://cloud.funda.nl/valentina_media/231/641/928.jpg?options=width=1080,39f24689aa,interior_other,0.8848
44427740,385000,65,3 kamers (2 slaapkamers),E,https://cloud.funda.nl/valentina_media/231/641/932.jpg?options=width=1080,296caae668,exterior_house_garden,0.3277
44427740,385000,65,3 kamers (2 slaapkamers),E,https://cloud.funda.nl/valentina_media/231/641/929.jpg?options=width=2160,75f00aee73,exterior_balcony,0.9992
44427740,385000,65,3 kamers (2 slaapkamers),E,https://cloud.funda.nl/valentina_media/231/641/944.jpg?options=width=1440,92d7148c1b,interior_other,0.9947
44427740,385000,65,3 kamers (2 slaapkamers),E,https://cloud.funda.nl/valentina_media/231/641/924.jpg?options=width=1080,0be2cda8cc,exterior_house_garden,0.8879
44427740,385000,65,3 kamers (2 slaapkamers),E,https://cloud.funda.nl/valentina_media/231/641/923.jpg?options=width=2160,04efb14767,exterior_other,0.9943
44427740,385000,65,3 kamers (2 slaapkamers),E,https://cloud.funda.nl/valentina_media/231/641/936.jpg?options=width=1080,fc99c45f54,exterior_other,0.6043
44427740,385000,65,3 kamers (2 slaapkamers),E,https://cloud.funda.nl/valentina_media/231/641/934.jpg?options=width=1440,6fd18506e5,exterior_other,0.7045
44427740,385000,65,3 kamers (2 slaapkamers),E,https://cloud.funda.nl/valentina_media/231/641/926.jpg?options=width=2160,ab55c7b65f,other_map,1.0
44427740,385000,65,3 kamers (2 slaapkamers),E,https://cloud.funda.nl/valentina_media/231/641/952.jpg?options=width=1080,9d94935a24,other_map,1.0
44427740,385000,65,3 kamers (2 slaapkamers),E,https://cloud.funda.nl/valentina_media/231/641/949.jpg?options=width=1080,d43e475778,other_map,0.9983
44427749,639500,107,3 kamers (2 slaapkamers),A,https://cloud.funda.nl/valentina_media/231/641/921.jpg?options=width=1080,377d7e2efb,exterior_house_garden,0.9777
44427749,639500,107,3 kamers (2 slaapkamers),A,https://cloud.funda.nl/valentina_media/231/641/850.jpg?options=width=1080,01cace50a2,interior_other,0.9996
44427749,639500,107,3 kamers (2 slaapkamers),A,https://cloud.funda.nl/valentina_media/231/641/843.jpg?options=width=2160,63fe1c3396,interior_other,0.9932
44427749,639500,107,3 kamers (2 slaapkamers),A,https://cloud.funda.nl/valentina_media/231/641/898.jpg?options=width=1440,2c0afb4716,interior_other,0.9983
44427749,639500,107,3 kamers (2 slaapkamers),A,https://cloud.funda.nl/valentina_media/231/641/840.jpg?options=width=1440,2a598eed23,interior_other,0.9967
44427749,639500,107,3 kamers (2 slaapkamers),A,https://cloud.funda.nl/valentina_media/231/641/902.jpg?options=width=2160,eb5aa7f014,interior_other,0.9998
44427749,639500,107,3 kamers (2 slaapkamers),A,https://cloud.funda.nl/valentina_media/231/641/845.jpg?options=width=1080,03ef1c3539,interior_other,0.9977
44427749,639500,107,3 kamers (2 slaapkamers),A,https://cloud.funda.nl/valentina_media/231/641/904.jpg?options=width=1080,c0d389f28f,interior_other,0.7578
44427749,639500,107,3 kamers (2 slaapkamers),A,https://cloud.funda.nl/valentina_media/231/641/867.jpg?options=width=2160,a3e7485f62,interior_other,0.9662
44427749,639500,107,3 kamers (2 slaapkamers),A,https://cloud.funda.nl/valentina_media/231/641/922.jpg?options=width=1440,f959171fb5,exterior_other,0.9293
44427749,639500,107,3 kamers (2 slaapkamers),A,https://cloud.funda.nl/valentina_media/231/641/860.jpg?options=width=1080,8e6e8b9ad6,exterior_balcony,0.801
44427749,639500,107,3 kamers (2 slaapkamers),A,https://cloud.funda.nl/valentina_media/231/641/848.jpg?options=width=2160,cca7901cde,exterior_balcony,0.9994
44427749,639500,107,3 kamers (2 slaapkamers),A,https://cloud.funda.nl/valentina_media/231/641/849.jpg?options=width=1080,ce145673cf,interior_other,0.996
44427749,639500,107,3 kamers (2 slaapkamers),A,https://cloud.funda.nl/valentina_media/231/641/894.jpg?options=width=1440,999b732128,interior_other,0.9976
44427749,639500,107,3 kamers (2 slaapkamers),A,https://cloud.funda.nl/valentina_media/231/641/897.jpg?options=width=2160,93d4557e6f,interior_bathroom,0.9998
44427749,639500,107,3 kamers (2 slaapkamers),A,https://cloud.funda.nl/valentina_media/231/641/906.jpg?options=width=1080,f4d309f162,interior_bathroom,0.7582
44427749,639500,107,3 kamers (2 slaapkamers),A,https://cloud.funda.nl/valentina_media/231/641/901.jpg?options=width=1080,b3ca026cba,interior_other,0.9996
44427749,639500,107,3 kamers (2 slaapkamers),A,https://cloud.funda.nl/valentina_media/231/641/864.jpg?options=width=2160,e3884a18d8,interior_bathroom,0.9998
44427749,639500,107,3 kamers (2 slaapkamers),A,https://cloud.funda.nl/valentina_media/231/641/846.jpg?options=width=1440,c8f331423b,interior_bathroom,0.9996
44427749,639500,107,3 kamers (2 slaapkamers),A,https://cloud.funda.nl/valentina_media/231/641/858.jpg?options=width=1440,8cb755f40e,exterior_other,0.7506
44427749,639500,107,3 kamers (2 slaapkamers),A,https://cloud.funda.nl/valentina_media/231/641/880.jpg?options=width=2160,6a8855a8e0,exterior_other,0.8104
44427749,639500,107,3 kamers (2 slaapkamers),A,https://cloud.funda.nl/valentina_media/231/641/856.jpg?options=width=1080,10ca54abca,exterior_other,0.8537
44427749,639500,107,3 kamers (2 slaapkamers),A,https://cloud.funda.nl/valentina_media/231/641/838.jpg?options=width=1080,adf3b1cec1,other_map,1.0
44427749,639500,107,3 kamers (2 slaapkamers),A,https://cloud.funda.nl/valentina_media/231/641/895.jpg?options=width=2160,ae957e4293,other_map,0.9999
44427749,639500,107,3 kamers (2 slaapkamers),A,https://cloud.funda.nl/valentina_media/231/641/870.jpg?options=width=1440,aa8524f8d5,other_map,0.9998
44427749,639500,107,3 kamers (2 slaapkamers),A,https://cloud.funda.nl/valentina_media/231/641/852.jpg?options=width=1080,4e0fdbf619,other_map,1.0
44427749,639500,107,3 kamers (2 slaapkamers),A,https://cloud.funda.nl/valentina_media/231/641/905.jpg?options=width=2160,449a7d4c66,other_map,1.0
80881380,849000,186,5 kamers (3 slaapkamers),C,https://cloud.funda.nl/valentina_media/231/641/549.jpg?options=width=1080,c86fbdb045,exterior_house_garden,0.984
80881380,849000,186,5 kamers (3 slaapkamers),C,https://cloud.funda.nl/valentina_media/231/641/608.jpg?options=width=1080,105000e860,exterior_house_garden,0.7839
80881380,849000,186,5 kamers (3 slaapkamers),C,https://cloud.funda.nl/valentina_media/231/641/564.jpg?options=width=2160,9dff41be56,exterior_house_garden,0.9602
80881380,849000,186,5 kamers (3 slaapkamers),C,https://cloud.funda.nl/valentina_media/231/641/610.jpg?options=width=1440,0568c6ce47,exterior_other,0.6703
80881380,849000,186,5 kamers (3 slaapkamers),C,https://cloud.funda.nl/valentina_media/231/641/613.jpg?options=width=1440,a67a4d8edd,exterior_house_garden,0.9953
80881380,849000,186,5 kamers (3 slaapkamers),C,https://cloud.funda.nl/valentina_media/231/641/601.jpg?options=width=2160,3317b66f87,exterior_other,0.6078
80881380,849000,186,5 kamers (3 slaapkamers),C,https://cloud.funda.nl/valentina_media/231/641/556.jpg?options=width=1080,9dc8188fd8,exterior_house_garden,0.9979
80881380,849000,186,5 kamers (3 slaapkamers),C,https://cloud.funda.nl/valentina_media/231/641/537.jpg?options=width=1080,7283add9f1,exterior_house_garden,0.9883
80881380,849000,186,5 kamers (3 slaapkamers),C,https://cloud.funda.nl/valentina_media/231/641/546.jpg?options=width=2160,30f8c915b1,exterior_house_garden,0.8964
80881380,849000,186,5 kamers (3 slaapkamers),C,https://cloud.funda.nl/valentina_media/231/641/558.jpg?options=width=1440,7b7e877f3c,exterior_house_garden,0.9892
80881380,849000,186,5 kamers (3 slaapkamers),C,https://cloud.funda.nl/valentina_media/231/641/585.jpg?options=width=1080,b375a7d57a,exterior_house_garden,0.9576
80881380,849000,186,5 kamers (3 slaapkamers),C,https://cloud.funda.nl/valentina_media/231/641/583.jpg?options=width=2160,0268836f10,exterior_house_garden,0.9779
80881380,849000,186,5 kamers (3 slaapkamers),C,https://cloud.funda.nl/valentina_media/231/641/571.jpg?options=width=1080,6b38a6604e,interior_other,0.9658
80881380,849000,186,5 kamers (3 slaapkamers),C,https://cloud.funda.nl/valentina_media/231/641/524.jpg?options=width=1440,593af7f897,interior_other,0.9942
80881380,849000,186,5 kamers (3 slaapkamers),C,https://cloud.funda.nl/valentina_media/231/641/600.jpg?options=width=2160,54b8779df8,interior_bathroom,0.9903
80881380,849000,186,5 kamers (3 slaapkamers),C,https://cloud.funda.nl/valentina_media/231/641/620.jpg?options=width=1080,b853cb9acf,interior_other,0.9999
80881380,849000,186,5 kamers (3 slaapkamers),C,https://cloud.funda.nl/valentina_media/231/641/616.jpg?options=width=1080,fa1de9683b,interior_other,0.9995
80881380,849000,186,5 kamers (3 slaapkamers),C,https://cloud.funda.nl/valentina_media/231/641/533.jpg?options=width=2160,99e990606e,interior_other,0.9982
80881380,849000,186,5 kamers (3 slaapkamers),C,https://cloud.funda.nl/valentina_media/231/641/614.jpg?options=width=1440,23870f92cf,interior_other,1.0
80881380,849000,186,5 kamers (3 slaapkamers),C,https://cloud.funda.nl/valentina_media/231/641/724.jpg?options=width=1440,2ec7b873ae,interior_other,0.9982
80881380,849000,186,5 kamers (3 slaapkamers),C,https://cloud.funda.nl/valentina_media/231/641/681.jpg?options=width=2160,e1edae17b0,interior_other,0.9966
80881380,849000,186,5 kamers (3 slaapkamers),C,https://cloud.funda.nl/valentina_media/231/641/688.jpg?options=width=1080,6bdf4b7f64,interior_other,0.9979
80881380,849000,186,5 kamers (3 slaapkamers),C,https://cloud.funda.nl/valentina_media/231/641/721.jpg?options=width=1080,c5f67736e3,interior_other,0.868
80881380,849000,186,5 kamers (3 slaapkamers),C,https://cloud.funda.nl/valentina_media/231/641/714.jpg?options=width=2160,d0e8583ad7,interior_other,1.0
80881380,849000,186,5 kamers (3 slaapkamers),C,https://cloud.funda.nl/valentina_media/231/641/705.jpg?options=width=1440,253213d8fa,interior_other,1.0
80881380,849000,186,5 kamers (3 slaapkamers),C,https://cloud.funda.nl/valentina_media/231/641/710.jpg?options=width=1080,4e7c2d1b12,interior_other,0.9979
80881380,849000,186,5 kamers (3 slaapkamers),C,https://cloud.funda.nl/valentina_media/231/641/691.jpg?options=width=2160,f96f9cb6e8,interior_other,0.823
80881380,849000,186,5 kamers (3 slaapkamers),C,https://cloud.funda.nl/valentina_media/231/641/686.jpg?options=width=1080,01325b8c75,exterior_other,0.5163
80881380,849000,186,5 kamers (3 slaapkamers),C,https://cloud.funda.nl/valentina_media/231/641/690.jpg?options=width=1440,17ab018744,interior_other,0.9857
80881380,849000,186,5 kamers (3 slaapkamers),C,https://cloud.funda.nl/valentina_media/231/641/716.jpg?options=width=2160,8f831a3d7a,interior_other,0.9858
80881380,849000,186,5 kamers (3 slaapkamers),C,https://cloud.funda.nl/valentina_media/231/641/720.jpg?options=width=1080,c6e3df315b,interior_other,0.8764
80881380,849000,186,5 kamers (3 slaapkamers),C,https://cloud.funda.nl/valentina_media/231/641/660.jpg?options=width=1080,e93c99c108,interior_other,0.9927
80881380,849000,186,5 kamers (3 slaapkamers),C,https://cloud.funda.nl/valentina_media/231/641/669.jpg?options=width=2160,d757131aeb,interior_other,0.9895
80881380,849000,186,5 kamers (3 slaapkamers),C,https://cloud.funda.nl/valentina_media/231/641/642.jpg?options=width=1440,744ac9d45c,interior_other,0.987
80881380,849000,186,5 kamers (3 slaapkamers),C,https://cloud.funda.nl/valentina_media/231/641/628.jpg?options=width=1440,9619ea2364,interior_other,0.9841
80881380,849000,186,5 kamers (3 slaapkamers),C,https://cloud.funda.nl/valentina_media/231/641/636.jpg?options=width=2160,5ca0fa651d,interior_other,0.9767
80881380,849000,186,5 kamers (3 slaapkamers),C,https://cloud.funda.nl/valentina_media/231/641/693.jpg?options=width=1080,c150ac5f4b,interior_other,0.9788
80881380,849000,186,5 kamers (3 slaapkamers),C,https://cloud.funda.nl/valentina_media/231/641/717.jpg?options=width=1080,6cba7cea2a,interior_other,0.9334
80881380,849000,186,5 kamers (3 slaapkamers),C,https://cloud.funda.nl/valentina_media/231/641/701.jpg?options=width=2160,87486d825b,interior_other,0.9839
80881380,849000,186,5 kamers (3 slaapkamers),C,https://cloud.funda.nl/valentina_media/231/641/651.jpg?options=width=1440,b61c7c4443,interior_other,0.9972
80881380,849000,186,5 kamers (3 slaapkamers),C,https://cloud.funda.nl/valentina_media/231/641/706.jpg?options=width=1080,4f409811bc,interior_other,0.9912
80881380,849000,186,5 kamers (3 slaapkamers),C,https://cloud.funda.nl/valentina_media/231/641/646.jpg?options=width=2160,c266475f57,interior_other,0.9989
80881380,849000,186,5 kamers (3 slaapkamers),C,https://cloud.funda.nl/valentina_media/231/641/728.jpg?options=width=1080,cfc2174fd9,interior_other,0.9953
80881380,849000,186,5 kamers (3 slaapkamers),C,https://cloud.funda.nl/valentina_media/231/641/676.jpg?options=width=1440,1b28ea8f5e,interior_other,0.9992
80881380,849000,186,5 kamers (3 slaapkamers),C,https://cloud.funda.nl/valentina_media/231/641/670.jpg?options=width=2160,4a84bb93b0,interior_other,0.9463
80881380,849000,186,5 kamers (3 slaapkamers),C,https://cloud.funda.nl/valentina_media/231/641/694.jpg?options=width=1080,3a448637c0,interior_other,0.9991
80881380,849000,186,5 kamers (3 slaapkamers),C,https://cloud.funda.nl/valentina_media/231/641/727.jpg?options=width=1080,8d14510a47,interior_bathroom,0.7717
80881380,849000,186,5 kamers (3 slaapkamers),C,https://cloud.funda.nl/valentina_media/231/641/687.jpg?options=width=2160,36648b3b69,interior_other,0.9976
80881380,849000,186,5 kamers (3 slaapkamers),C,https://cloud.funda.nl/valentina_media/231/641/667.jpg?options=width=1440,d50e6598ea,interior_other,0.9312
80881380,849000,186,5 kamers (3 slaapkamers),C,https://cloud.funda.nl/valentina_media/231/641/677.jpg?options=width=1440,16b53e68aa,interior_other,0.9987
80881380,849000,186,5 kamers (3 slaapkamers),C,https://cloud.funda.nl/valentina_media/231/641/729.jpg?options=width=2160,05649a48c3,exterior_house_garden,0.501
80881380,849000,186,5 kamers (3 slaapkamers),C,https://cloud.funda.nl/valentina_media/231/641/629.jpg?options=width=1080,5510c34713,exterior_other,0.5383
80881380,849000,186,5 kamers (3 slaapkamers),C,https://cloud.funda.nl/valentina_media/231/641/696.jpg?options=width=1080,d08c4af266,exterior_house_garden,0.9609
80881380,849000,186,5 kamers (3 slaapkamers),C,https://cloud.funda.nl/valentina_media/231/641/723.jpg?options=width=2160,bcc38113f9,interior_bathroom,0.999
80881380,849000,186,5 kamers (3 slaapkamers),C,https://cloud.funda.nl/valentina_media/231/641/718.jpg?options=width=1440,4bf45f3db3,interior_bathroom,0.9984
80881380,849000,186,5 kamers (3 slaapkamers),C,https://cloud.funda.nl/valentina_media/231/641/653.jpg?options=width=1080,0ce8fbfaf7,interior_bathroom,1.0
80881380,849000,186,5 kamers (3 slaapkamers),C,https://cloud.funda.nl/valentina_media/231/641/671.jpg?options=width=2160,61dd76455d,interior_other,0.8248
80881380,849000,186,5 kamers (3 slaapkamers),C,https://cloud.funda.nl/valentina_media/231/641/722.jpg?options=width=1080,db02f26b8e,interior_other,0.6985
80881380,849000,186,5 kamers (3 slaapkamers),C,https://cloud.funda.nl/valentina_media/231/641/715.jpg?options=width=1440,c1f77fcd5e,interior_other,0.9868
80881380,849000,186,5 kamers (3 slaapkamers),C,https://cloud.funda.nl/valentina_media/231/641/654.jpg?options=width=2160,45a1644403,interior_other,0.983
80881380,849000,186,5 kamers (3 slaapkamers),C,https://cloud.funda.nl/valentina_media/231/641/698.jpg?options=width=1080,85f2cebf04,interior_other,0.969
80881380,849000,186,5 kamers (3 slaapkamers),C,https://cloud.funda.nl/valentina_media/231/641/639.jpg?options=width=1080,1ed046f96e,exterior_house_garden,0.9872
80881380,849000,186,5 kamers (3 slaapkamers),C,https://cloud.funda.nl/valentina_media/231/641/703.jpg?options=width=2160,4712350e46,exterior_other,0.8607
80881380,849000,186,5 kamers (3 slaapkamers),C,https://cloud.funda.nl/valentina_media/231/641/704.jpg?options=width=1440,7e3bd7420d,exterior_house_garden,0.5575
80881380,849000,186,5 kamers (3 slaapkamers),C,https://cloud.funda.nl/valentina_media/231/641/692.jpg?options=width=1440,bf35caf37a,exterior_house_garden,0.4714
80881380,849000,186,5 kamers (3 slaapkamers),C,https://cloud.funda.nl/valentina_media/231/641/659.jpg?options=width=2160,bd5bb3cf32,exterior_house_garden,0.9744
80881380,849000,186,5 kamers (3 slaapkamers),C,https://cloud.funda.nl/valentina_media/231/641/643.jpg?options=width=1080,0fcc728726,exterior_other,0.896
80881380,849000,186,5 kamers (3 slaapkamers),C,https://cloud.funda.nl/valentina_media/231/641/713.jpg?options=width=1080,82e8b7634e,other_map,0.9999
80881380,849000,186,5 kamers (3 slaapkamers),C,https://cloud.funda.nl/valentina_media/231/641/626.jpg?options=width=2160,c54abfd1fd,other_map,0.9996
80881380,849000,186,5 kamers (3 slaapkamers),C,https://cloud.funda.nl/valentina_media/231/641/634.jpg?options=width=1440,ff85a15c91,other_map,0.9996
80881380,849000,186,5 kamers (3 slaapkamers),C,https://cloud.funda.nl/valentina_media/231/641/678.jpg?options=width=1080,98c17e95f9,other_map,0.9992
80881380,849000,186,5 kamers (3 slaapkamers),C,https://cloud.funda.nl/valentina_media/231/641/630.jpg?options=width=2160,f31f8c4dac,other_map,0.9997
80881380,849000,186,5 kamers (3 slaapkamers),C,https://cloud.funda.nl/valentina_media/231/641/649.jpg?options=width=1080,f8e14115c4,other_map,1.0
80881380,849000,186,5 kamers (3 slaapkamers),C,https://cloud.funda.nl/valentina_media/231/641/624.jpg?options=width=1440,ed0d7d49ed,other_map,0.9999
80881380,849000,186,5 kamers (3 slaapkamers),C,https://cloud.funda.nl/valentina_media/231/641/611.jpg?options=width=2160,4de06c4c2b,other_map,0.9996
80881380,849000,186,5 kamers (3 slaapkamers),C,https://cloud.funda.nl/valentina_media/231/641/562.jpg?options=width=1080,3f59c6febf,other_map,0.9996
80881380,849000,186,5 kamers (3 slaapkamers),C,https://cloud.funda.nl/valentina_media/231/641/597.jpg?options=width=1080,a6e8044c80,other_map,0.999
80881380,849000,186,5 kamers (3 slaapkamers),C,https://cloud.funda.nl/valentina_media/231/641/538.jpg?options=width=2160,823fd5a599,other_map,0.9992
80881380,849000,186,5 kamers (3 slaapkamers),C,https://cloud.funda.nl/valentina_media/231/641/619.jpg?options=width=1440,0c620692fb,other_map,0.9999
80881380,849000,186,5 kamers (3 slaapkamers),C,https://cloud.funda.nl/valentina_media/231/641/515.jpg?options=width=1440,4342b5455f,other_map,0.9997
80881380,849000,186,5 kamers (3 slaapkamers),C,https://cloud.funda.nl/valentina_media/231/641/582.jpg?options=width=2160,637e97629a,other_map,1.0
80881380,849000,186,5 kamers (3 slaapkamers),C,https://cloud.funda.nl/valentina_media/231/641/561.jpg?options=width=1080,a6177e84c2,other_map,1.0
44414029,200000,130,8 kamers (4 slaapkamers),E,https://cloud.funda.nl/valentina_media/231/535/169.jpg?options=width=1080,8d85560f9a,exterior_house_garden,0.9714
44414029,200000,130,8 kamers (4 slaapkamers),E,https://cloud.funda.nl/valentina_media/231/535/186.jpg?options=width=1080,d5e28c1ab8,interior_other,0.6243
44414029,200000,130,8 kamers (4 slaapkamers),E,https://cloud.funda.nl/valentina_media/231/535/183.jpg?options=width=2160,c5d1bb9eb4,interior_other,0.9975
44414029,200000,130,8 kamers (4 slaapkamers),E,https://cloud.funda.nl/valentina_media/231/535/101.jpg?options=width=1440,45ef91b3e3,interior_other,0.999
44414029,200000,130,8 kamers (4 slaapkamers),E,https://cloud.funda.nl/valentina_media/231/535/117.jpg?options=width=1440,cb972247b1,interior_other,0.9998
44414029,200000,130,8 kamers (4 slaapkamers),E,https://cloud.funda.nl/valentina_media/231/535/075.jpg?options=width=2160,cbead7770c,interior_other,0.9987
44414029,200000,130,8 kamers (4 slaapkamers),E,https://cloud.funda.nl/valentina_media/231/535/163.jpg?options=width=1080,855fd935dd,interior_other,0.9895
44414029,200000,130,8 kamers (4 slaapkamers),E,https://cloud.funda.nl/valentina_media/231/535/187.jpg?options=width=1080,e52cb0893c,interior_other,0.9938
44414029,200000,130,8 kamers (4 slaapkamers),E,https://cloud.funda.nl/valentina_media/231/535/132.jpg?options=width=2160,48fc351c75,interior_other,0.9846
44414029,200000,130,8 kamers (4 slaapkamers),E,https://cloud.funda.nl/valentina_media/231/535/073.jpg?options=width=1440,3f00331f9c,interior_other,0.9948
44414029,200000,130,8 kamers (4 slaapkamers),E,https://cloud.funda.nl/valentina_media/231/535/081.jpg?options=width=1080,1fd9d0cc85,interior_other,0.9999
44414029,200000,130,8 kamers (4 slaapkamers),E,https://cloud.funda.nl/valentina_media/231/535/164.jpg?options=width=2160,a30354a2ba,interior_other,0.8405
44414029,200000,130,8 kamers (4 slaapkamers),E,https://cloud.funda.nl/valentina_media/231/535/060.jpg?options=width=1080,4077086a78,interior_bathroom,0.8997
44414029,200000,130,8 kamers (4 slaapkamers),E,https://cloud.funda.nl/valentina_media/231/535/042.jpg?options=width=1440,42cc263675,interior_other,0.6735
44414029,200000,130,8 kamers (4 slaapkamers),E,https://cloud.funda.nl/valentina_media/231/535/074.jpg?options=width=2160,b07d5e2156,interior_other,0.9984
44414029,200000,130,8 kamers (4 slaapkamers),E,https://cloud.funda.nl/valentina_media/231/535/086.jpg?options=width=1080,55de8239b3,interior_other,0.9984
44414029,200000,130,8 kamers (4 slaapkamers),E,https://cloud.funda.nl/valentina_media/231/535/097.jpg?options=width=1080,251f1c4da4,interior_other,0.9977
44414029,200000,130,8 kamers (4 slaapkamers),E,https://cloud.funda.nl/valentina_media/231/535/094.jpg?options=width=2160,250f04f7bf,interior_other,0.9995
44414029,200000,130,8 kamers (4 slaapkamers),E,https://cloud.funda.nl/valentina_media/231/535/047.jpg?options=width=1440,21c1dec663,interior_other,0.9397
44414029,200000,130,8 kamers (4 slaapkamers),E,https://cloud.funda.nl/valentina_media/231/535/059.jpg?options=width=1440,c778c4ce01,exterior_other,0.3282
44414029,200000,130,8 kamers (4 slaapkamers),E,https://cloud.funda.nl/valentina_media/231/535/146.jpg?options=width=2160,9fd95c4e94,exterior_house_garden,0.7213
44414029,200000,130,8 kamers (4 slaapkamers),E,https://cloud.funda.nl/valentina_media/231/535/139.jpg?options=width=1080,c4fdba78dc,exterior_other,0.5202
44414029,200000,130,8 kamers (4 slaapkamers),E,https://cloud.funda.nl/valentina_media/231/535/038.jpg?options=width=1080,54c31fd21d,exterior_other,0.7638
44414029,200000,130,8 kamers (4 slaapkamers),E,https://cloud.funda.nl/valentina_media/231/535/084.jpg?options=width=2160,95326cd74c,interior_other,0.6147
44414029,200000,130,8 kamers (4 slaapkamers),E,https://cloud.funda.nl/valentina_media/231/535/150.jpg?options=width=1440,eb15234a56,exterior_house_garden,0.8633
44414029,200000,130,8 kamers (4 slaapkamers),E,https://cloud.funda.nl/valentina_media/231/535/181.jpg?options=width=1080,b74c1eea9a,exterior_other,0.8675
44414029,200000,130,8 kamers (4 slaapkamers),E,https://cloud.funda.nl/valentina_media/231/535/199.jpg?options=width=2160,ad14b9324e,other_map,0.9984
44414029,200000,130,8 kamers (4 slaapkamers),E,https://cloud.funda.nl/valentina_media/231/535/067.jpg?options=width=1080,55d58e315e,other_map,0.9996
44414029,200000,130,8 kamers (4 slaapkamers),E,https://cloud.funda.nl/valentina_media/231/535/053.jpg?options=width=1440,9296d46f06,other_map,0.9996
80881371,315000,74,3 kamers (2 slaapkamers),C,https://cloud.funda.nl/valentina_media/231/641/221.jpg?options=width=1080,283e3350ca,exterior_balcony,0.4827
80881371,315000,74,3 kamers (2 slaapkamers),C,https://cloud.funda.nl/valentina_media/231/641/212.jpg?options=width=1080,c4cdac14ae,interior_other,0.9697
80881371,315000,74,3 kamers (2 slaapkamers),C,https://cloud.funda.nl/valentina_media/231/641/223.jpg?options=width=2160,4474b94c8a,interior_other,0.9957
80881371,315000,74,3 kamers (2 slaapkamers),C,https://cloud.funda.nl/valentina_media/231/641/208.jpg?options=width=1440,b13e83c247,interior_other,0.9992
80881371,315000,74,3 kamers (2 slaapkamers),C,https://cloud.funda.nl/valentina_media/231/641/227.jpg?options=width=1440,196659de98,interior_other,0.9999
80881371,315000,74,3 kamers (2 slaapkamers),C,https://cloud.funda.nl/valentina_media/231/641/210.jpg?options=width=2160,8ee948e81b,interior_other,0.9999
80881371,315000,74,3 kamers (2 slaapkamers),C,https://cloud.funda.nl/valentina_media/231/641/230.jpg?options=width=1080,5d55057b51,interior_other,0.9874
80881371,315000,74,3 kamers (2 slaapkamers),C,https://cloud.funda.nl/valentina_media/231/641/207.jpg?options=width=1080,61670a2dc6,interior_other,0.5456
80881371,315000,74,3 kamers (2 slaapkamers),C,https://cloud.funda.nl/valentina_media/231/641/222.jpg?options=width=2160,04e2e5d008,interior_other,0.9981
80881371,315000,74,3 kamers (2 slaapkamers),C,https://cloud.funda.nl/valentina_media/231/641/220.jpg?options=width=1440,352db3d73f,interior_other,0.9989
80881371,315000,74,3 kamers (2 slaapkamers),C,https://cloud.funda.nl/valentina_media/231/641/228.jpg?options=width=1080,69b4ce4e6f,interior_other,0.9999
80881371,315000,74,3 kamers (2 slaapkamers),C,https://cloud.funda.nl/valentina_media/231/641/225.jpg?options=width=2160,1fb50b0c69,interior_other,0.9963
80881371,315000,74,3 kamers (2 slaapkamers),C,https://cloud.funda.nl/valentina_media/231/641/214.jpg?options=width=1080,49f3d2c4aa,interior_other,0.9975
80881371,315000,74,3 kamers (2 slaapkamers),C,https://cloud.funda.nl/valentina_media/231/641/224.jpg?options=width=1440,b1f91ef61a,interior_other,0.9999
80881371,315000,74,3 kamers (2 slaapkamers),C,https://cloud.funda.nl/valentina_media/231/641/219.jpg?options=width=2160,6357e16d53,interior_other,0.9391
80881371,315000,74,3 kamers (2 slaapkamers),C,https://cloud.funda.nl/valentina_media/231/641/213.jpg?options=width=1080,32f33262f3,interior_other,0.9994
80881371,315000,74,3 kamers (2 slaapkamers),C,https://cloud.funda.nl/valentina_media/231/641/216.jpg?options=width=1080,7cc94758f6,interior_other,0.7393
80881371,315000,74,3 kamers (2 slaapkamers),C,https://cloud.funda.nl/valentina_media/231/641/217.jpg?options=width=2160,6bb19c4c14,interior_bathroom,0.997
80881371,315000,74,3 kamers (2 slaapkamers),C,https://cloud.funda.nl/valentina_media/231/641/211.jpg?options=width=1440,97c26d3959,interior_bathroom,0.9949
80881371,315000,74,3 kamers (2 slaapkamers),C,https://cloud.funda.nl/valentina_media/231/641/229.jpg?options=width=1440,3d72147a7d,interior_bathroom,0.879
80881371,315000,74,3 kamers (2 slaapkamers),C,https://cloud.funda.nl/valentina_media/231/641/206.jpg?options=width=2160,bfdc69bfdd,exterior_balcony,0.9612
80881371,315000,74,3 kamers (2 slaapkamers),C,https://cloud.funda.nl/valentina_media/231/641/226.jpg?options=width=1080,e791e41dad,exterior_balcony,0.5945
80881371,315000,74,3 kamers (2 slaapkamers),C,https://cloud.funda.nl/valentina_media/231/641/218.jpg?options=width=1080,0e21e893f0,exterior_balcony,0.7776
80881371,315000,74,3 kamers (2 slaapkamers),C,https://cloud.funda.nl/valentina_media/231/641/205.jpg?options=width=2160,edd63938b7,exterior_balcony,0.7482
80881371,315000,74,3 kamers (2 slaapkamers),C,https://cloud.funda.nl/valentina_media/231/641/209.jpg?options=width=1440,b5de82f95d,exterior_house_garden,0.8325
80881371,315000,74,3 kamers (2 slaapkamers),C,https://cloud.funda.nl/valentina_media/231/641/215.jpg?options=width=1080,25009d4f40,exterior_house_garden,0.6597
80881371,315000,74,3 kamers (2 slaapkamers),C,https://cloud.funda.nl/valentina_media/231/641/231.jpg?options=width=2160,085928268a,exterior_other,0.674
80881371,315000,74,3 kamers (2 slaapkamers),C,https://cloud.funda.nl/valentina_media/231/641/256.jpg?options=width=1080,c5cd232d7f,exterior_other,0.7712
80881371,315000,74,3 kamers (2 slaapkamers),C,https://cloud.funda.nl/valentina_media/231/641/238.jpg?options=width=1440,7fae0d1e43,exterior_other,0.9958
80881371,315000,74,3 kamers (2 slaapkamers),C,https://cloud.funda.nl/valentina_media/231/641/257.jpg?options=width=2160,052f33425f,other_map,1.0
80881371,315000,74,3 kamers (2 slaapkamers),C,https://cloud.funda.nl/valentina_media/231/641/250.jpg?options=width=1080,83f564d4a1,other_map,0.9998
80881371,315000,74,3 kamers (2 slaapkamers),C,https://cloud.funda.nl/valentina_media/231/641/240.jpg?options=width=1080,85f5e79dfd,other_map,0.9963
80881371,315000,74,3 kamers (2 slaapkamers),C,https://cloud.funda.nl/valentina_media/231/641/247.jpg?options=width=2160,ba00b461cf,other_map,0.9999
80881374,285000,60,2 kamers (1 slaapkamer),B,https://cloud.funda.nl/valentina_media/231/641/311.jpg?options=width=1080,b87219e944,exterior_house_garden,0.9951
80881374,285000,60,2 kamers (1 slaapkamer),B,https://cloud.funda.nl/valentina_media/231/641/321.jpg?options=width=1080,90b9a8cf19,exterior_house_garden,0.8031
80881374,285000,60,2 kamers (1 slaapkamer),B,https://cloud.funda.nl/valentina_media/231/641/301.jpg?options=width=2160,a675852e3c,interior_other,0.9997
80881374,285000,60,2 kamers (1 slaapkamer),B,https://cloud.funda.nl/valentina_media/231/641/308.jpg?options=width=1440,355fad31e6,interior_other,0.977
80881374,285000,60,2 kamers (1 slaapkamer),B,https://cloud.funda.nl/valentina_media/231/641/292.jpg?options=width=1440,268999d490,interior_bathroom,0.9998
80881374,285000,60,2 kamers (1 slaapkamer),B,https://cloud.funda.nl/valentina_media/231/641/303.jpg?options=width=2160,7abaa4d67a,interior_other,0.9943
80881374,285000,60,2 kamers (1 slaapkamer),B,https://cloud.funda.nl/valentina_media/231/641/317.jpg?options=width=1080,3314d19c14,exterior_house_garden,0.9643
80881374,285000,60,2 kamers (1 slaapkamer),B,https://cloud.funda.nl/valentina_media/231/641/289.jpg?options=width=1080,ba571f1c15,exterior_house_garden,0.5188
80881374,285000,60,2 kamers (1 slaapkamer),B,https://cloud.funda.nl/valentina_media/231/641/318.jpg?options=width=2160,573cf521fe,exterior_house_garden,0.8225
80881374,285000,60,2 kamers (1 slaapkamer),B,https://cloud.funda.nl/valentina_media/231/641/309.jpg?options=width=1440,9bf03516d1,interior_other,0.9646
80881374,285000,60,2 kamers (1 slaapkamer),B,https://cloud.funda.nl/valentina_media/231/641/310.jpg?options=width=1080,b716c6dd52,interior_other,0.9434
80881374,285000,60,2 kamers (1 slaapkamer),B,https://cloud.funda.nl/valentina_media/231/641/291.jpg?options=width=2160,baeed9dd32,interior_other,0.9995
80881374,285000,60,2 kamers (1 slaapkamer),B,https://cloud.funda.nl/valentina_media/231/641/296.jpg?options=width=1080,549decbc0a,interior_other,0.9989
80881374,285000,60,2 kamers (1 slaapkamer),B,https://cloud.funda.nl/valentina_media/231/641/320.jpg?options=width=1440,eb655ddd17,interior_other,0.9112
80881374,285000,60,2 kamers (1 slaapkamer),B,https://cloud.funda.nl/valentina_media/231/641/300.jpg?options=width=2160,f3de501ba1,interior_other,0.9522
80881374,285000,60,2 kamers (1 slaapkamer),B,https://cloud.funda.nl/valentina_media/231/641/294.jpg?options=width=1080,68e6f80b7e,interior_other,0.9923
80881374,285000,60,2 kamers (1 slaapkamer),B,https://cloud.funda.nl/valentina_media/231/641/313.jpg?options=width=1080,fba92d40e2,interior_other,0.9992
80881374,285000,60,2 kamers (1 slaapkamer),B,https://cloud.funda.nl/valentina_media/231/641/322.jpg?options=width=2160,77e08f310d,interior_other,0.9994
80881374,285000,60,2 kamers (1 slaapkamer),B,https://cloud.funda.nl/valentina_media/231/641/287.jpg?options=width=1440,80eb1b8a48,interior_other,0.977
80881374,285000,60,2 kamers (1 slaapkamer),B,https://cloud.funda.nl/valentina_media/231/641/295.jpg?options=width=1440,51142a13b9,interior_other,0.9721
80881374,285000,60,2 kamers (1 slaapkamer),B,https://cloud.funda.nl/valentina_media/231/641/323.jpg?options=width=2160,823a9c9be6,interior_other,0.9551
80881374,285000,60,2 kamers (1 slaapkamer),B,https://cloud.funda.nl/valentina_media/231/641/298.jpg?options=width=1080,32585dc1ee,interior_other,0.9624
80881374,285000,60,2 kamers (1 slaapkamer),B,https://cloud.funda.nl/valentina_media/231/641/286.jpg?options=width=1080,0ec42d78e0,interior_other,0.9955
80881374,285000,60,2 kamers (1 slaapkamer),B,https://cloud.funda.nl/valentina_media/231/641/306.jpg?options=width=2160,a288b4362f,interior_other,0.9449
80881374,285000,60,2 kamers (1 slaapkamer),B,https://cloud.funda.nl/valentina_media/231/641/302.jpg?options=width=1440,f1c5a458b4,interior_bathroom,0.9998
80881374,285000,60,2 kamers (1 slaapkamer),B,https://cloud.funda.nl/valentina_media/231/641/299.jpg?options=width=1080,0216e54b09,interior_bathroom,0.9995
80881374,285000,60,2 kamers (1 slaapkamer),B,https://cloud.funda.nl/valentina_media/231/641/316.jpg?options=width=2160,6980d17dd3,interior_bathroom,0.9956
80881374,285000,60,2 kamers (1 slaapkamer),B,https://cloud.funda.nl/valentina_media/231/641/314.jpg?options=width=1080,44f5971e53,exterior_house_garden,0.8031
80881374,285000,60,2 kamers (1 slaapkamer),B,https://cloud.funda.nl/valentina_media/231/641/290.jpg?options=width=1440,1de789457c,exterior_other,0.9996
80881374,285000,60,2 kamers (1 slaapkamer),B,https://cloud.funda.nl/valentina_media/231/641/297.jpg?options=width=2160,f046ae57f5,exterior_other,0.9624
80881374,285000,60,2 kamers (1 slaapkamer),B,https://cloud.funda.nl/valentina_media/231/641/307.jpg?options=width=1080,af215566f4,exterior_other,0.9589
80881374,285000,60,2 kamers (1 slaapkamer),B,https://cloud.funda.nl/valentina_media/231/641/288.jpg?options=width=1080,905d6d4e52,exterior_other,0.5572
80881374,285000,60,2 kamers (1 slaapkamer),B,https://cloud.funda.nl/valentina_media/231/641/312.jpg?options=width=2160,a47062a748,other_map,0.9973
80881374,285000,60,2 kamers (1 slaapkamer),B,https://cloud.funda.nl/valentina_media/231/641/319.jpg?options=width=1440,22d4216557,other_map,0.9993
80881374,285000,60,2 kamers (1 slaapkamer),B,https://cloud.funda.nl/valentina_media/231/641/305.jpg?options=width=1440,563c7d7252,other_map,0.9999
80881144,750000,132,6 kamers (5 slaapkamers),B,https://cloud.funda.nl/valentina_media/231/631/255.jpg?options=width=1080,8c40951133,exterior_house_garden,0.6943
80881144,750000,132,6 kamers (5 slaapkamers),B,https://cloud.funda.nl/valentina_media/231/631/206.jpg?options=width=1080,332268aef0,interior_other,0.9991
80881144,750000,132,6 kamers (5 slaapkamers),B,https://cloud.funda.nl/valentina_media/231/631/237.jpg?options=width=2160,d5193167f4,exterior_house_garden,0.8964
80881144,750000,132,6 kamers (5 slaapkamers),B,https://cloud.funda.nl/valentina_media/231/631/209.jpg?options=width=1440,e82d08c39a,interior_other,0.9999
80881144,750000,132,6 kamers (5 slaapkamers),B,https://cloud.funda.nl/valentina_media/231/631/203.jpg?options=width=1440,5d8848709f,interior_other,0.9957
80881144,750000,132,6 kamers (5 slaapkamers),B,https://cloud.funda.nl/valentina_media/231/631/202.jpg?options=width=2160,d9e67041ec,interior_other,1.0
80881144,750000,132,6 kamers (5 slaapkamers),B,https://cloud.funda.nl/valentina_media/231/631/159.jpg?options=width=1080,1e24f10304,interior_other,0.9997
80881144,750000,132,6 kamers (5 slaapkamers),B,https://cloud.funda.nl/valentina_media/231/631/179.jpg?options=width=1080,d698482887,interior_other,0.7947
80881144,750000,132,6 kamers (5 slaapkamers),B,https://cloud.funda.nl/valentina_media/231/631/185.jpg?options=width=2160,ce04810f53,interior_other,0.9997
80881144,750000,132,6 kamers (5 slaapkamers),B,https://cloud.funda.nl/valentina_media/231/631/220.jpg?options=width=1440,d21e5e4bfe,interior_other,0.9995
80881144,750000,132,6 kamers (5 slaapkamers),B,https://cloud.funda.nl/valentina_media/231/631/201.jpg?options=width=1080,71ecdc0ad5,interior_other,0.696
80881144,750000,132,6 kamers (5 slaapkamers),B,https://cloud.funda.nl/valentina_media/231/631/229.jpg?options=width=2160,6a7803bb86,interior_other,0.9999
80881144,750000,132,6 kamers (5 slaapkamers),B,https://cloud.funda.nl/valentina_media/231/631/244.jpg?options=width=1080,c2002ea35f,interior_other,0.999
80881144,750000,132,6 kamers (5 slaapkamers),B,https://cloud.funda.nl/valentina_media/231/631/222.jpg?options=width=1440,6e0f4c8f42,interior_other,0.905
80881144,750000,132,6 kamers (5 slaapkamers),B,https://cloud.funda.nl/valentina_media/231/631/230.jpg?options=width=2160,ffd5b1f419,interior_other,0.9952
80881144,750000,132,6 kamers (5 slaapkamers),B,https://cloud.funda.nl/valentina_media/231/631/167.jpg?options=width=1080,0fbd9c3261,interior_other,0.9996
80881144,750000,132,6 kamers (5 slaapkamers),B,https://cloud.funda.nl/valentina_media/231/631/243.jpg?options=width=1080,e5960cef81,interior_other,0.9968
80881144,750000,132,6 kamers (5 slaapkamers),B,https://cloud.funda.nl/valentina_media/231/631/181.jpg?options=width=2160,c0569794c2,interior_other,0.9998
80881144,750000,132,6 kamers (5 slaapkamers),B,https://cloud.funda.nl/valentina_media/231/631/162.jpg?options=width=1440,0fabd393ff,interior_bathroom,0.9999
80881144,750000,132,6 kamers (5 slaapkamers),B,https://cloud.funda.nl/valentina_media/231/631/257.jpg?options=width=1440,995765ca1b,interior_other,0.967
80881144,750000,132,6 kamers (5 slaapkamers),B,https://cloud.funda.nl/valentina_media/231/631/169.jpg?options=width=2160,3ca19d8180,interior_other,0.9999
80881144,750000,132,6 kamers (5 slaapkamers),B,https://cloud.funda.nl/valentina_media/231/631/154.jpg?options=width=1080,ba17f6bacf,interior_other,0.9991
80881144,750000,132,6 kamers (5 slaapkamers),B,https://cloud.funda.nl/valentina_media/231/631/232.jpg?options=width=1080,8552c1a210,interior_other,0.9993
80881144,750000,132,6 kamers (5 slaapkamers),B,https://cloud.funda.nl/valentina_media/231/631/199.jpg?options=width=2160,ce88130472,interior_other,0.9995
80881144,750000,132,6 kamers (5 slaapkamers),B,https://cloud.funda.nl/valentina_media/231/631/250.jpg?options=width=1440,f740189bfb,interior_other,0.8815
80881144,750000,132,6 kamers (5 slaapkamers),B,https://cloud.funda.nl/valentina_media/231/631/254.jpg?options=width=1080,13d81aa18f,interior_bathroom,0.9822
80881144,750000,132,6 kamers (5 slaapkamers),B,https://cloud.funda.nl/valentina_media/231/631/223.jpg?options=width=2160,5d6155d8ce,interior_bathroom,0.9999
80881144,750000,132,6 kamers (5 slaapkamers),B,https://cloud.funda.nl/valentina_media/231/631/195.jpg?options=width=1080,b5f0e9d212,interior_bathroom,0.9993
80881144,750000,132,6 kamers (5 slaapkamers),B,https://cloud.funda.nl/valentina_media/231/631/256.jpg?options=width=1440,c922dee93e,interior_other,0.9879
80881144,750000,132,6 kamers (5 slaapkamers),B,https://cloud.funda.nl/valentina_media/231/631/248.jpg?options=width=2160,4ca601bfd2,exterior_other,0.8562
80881144,750000,132,6 kamers (5 slaapkamers),B,https://cloud.funda.nl/valentina_media/231/631/192.jpg?options=width=1080,308399f654,exterior_house_garden,0.999
80881144,750000,132,6 kamers (5 slaapkamers),B,https://cloud.funda.nl/valentina_media/231/631/152.jpg?options=width=1080,3f2aded2f5,exterior_house_garden,0.9671
80881144,750000,132,6 kamers (5 slaapkamers),B,https://cloud.funda.nl/valentina_media/231/631/235.jpg?options=width=2160,0588213b6e,interior_other,0.624
80881144,750000,132,6 kamers (5 slaapkamers),B,https://cloud.funda.nl/valentina_media/231/631/186.jpg?options=width=1440,24905d6756,exterior_house_garden,0.565
80881144,750000,132,6 kamers (5 slaapkamers),B,https://cloud.funda.nl/valentina_media/231/631/161.jpg?options=width=1440,dc85ed87e0,exterior_house_garden,0.9956
80881144,750000,132,6 kamers (5 slaapkamers),B,https://cloud.funda.nl/valentina_media/231/631/242.jpg?options=width=2160,37306ef7d4,exterior_other,0.9951
80881144,750000,132,6 kamers (5 slaapkamers),B,https://cloud.funda.nl/valentina_media/231/631/227.jpg?options=width=1080,2f9447d191,exterior_other,0.8662
80881144,750000,132,6 kamers (5 slaapkamers),B,https://cloud.funda.nl/valentina_media/231/631/155.jpg?options=width=1080,79167e53cd,exterior_other,0.9921
80881144,750000,132,6 kamers (5 slaapkamers),B,https://cloud.funda.nl/valentina_media/231/631/168.jpg?options=width=2160,170de162ca,other_map,1.0
80881144,750000,132,6 kamers (5 slaapkamers),B,https://cloud.funda.nl/valentina_media/231/631/226.jpg?options=width=1440,83c657c650,other_map,0.9999
80881144,750000,132,6 kamers (5 slaapkamers),B,https://cloud.funda.nl/valentina_media/231/631/180.jpg?options=width=1080,79a06b687f,other_map,1.0
80881144,750000,132,6 kamers (5 slaapkamers),B,https://cloud.funda.nl/valentina_media/231/631/231.jpg?options=width=2160,dc431955c0,other_map,0.9999
80881144,750000,132,6 kamers (5 slaapkamers),B,https://cloud.funda.nl/valentina_media/231/631/170.jpg?options=width=1080,7273019fc7,other_map,0.975
80881144,750000,132,6 kamers (5 slaapkamers),B,https://cloud.funda.nl/valentina_media/231/631/189.jpg?options=width=1440,98be42ea31,other_map,1.0
80881144,750000,132,6 kamers (5 slaapkamers),B,https://cloud.funda.nl/valentina_media/231/631/171.jpg?options=width=2160,964a7a316c,other_map,1.0
44426066,500000,86,4 kamers (3 slaapkamers),A,https://cloud.funda.nl/valentina_media/231/608/919.jpg?options=width=1080,5be619ec9f,exterior_house_garden,0.9889
44426066,500000,86,4 kamers (3 slaapkamers),A,https://cloud.funda.nl/valentina_media/231/608/895.jpg?options=width=1080,b47df0ce2d,interior_other,0.9954
44426066,500000,86,4 kamers (3 slaapkamers),A,https://cloud.funda.nl/valentina_media/231/608/880.jpg?options=width=2160,5aafeec357,exterior_other,0.669
44426066,500000,86,4 kamers (3 slaapkamers),A,https://cloud.funda.nl/valentina_media/231/608/893.jpg?options=width=1440,ac409ef753,exterior_house_garden,0.824
44426066,500000,86,4 kamers (3 slaapkamers),A,https://cloud.funda.nl/valentina_media/231/608/949.jpg?options=width=1440,54f8228e45,interior_other,0.9656
44426066,500000,86,4 kamers (3 slaapkamers),A,https://cloud.funda.nl/valentina_media/231/608/932.jpg?options=width=2160,eb5d223cc9,interior_bathroom,0.9991
44426066,500000,86,4 kamers (3 slaapkamers),A,https://cloud.funda.nl/valentina_media/231/608/852.jpg?options=width=1080,57b68d9112,interior_other,0.9634
44426066,500000,86,4 kamers (3 slaapkamers),A,https://cloud.funda.nl/valentina_media/231/608/918.jpg?options=width=1080,082c47eac0,interior_other,0.9968
44426066,500000,86,4 kamers (3 slaapkamers),A,https://cloud.funda.nl/valentina_media/231/608/897.jpg?options=width=2160,984e7624c3,interior_other,0.9867
44426066,500000,86,4 kamers (3 slaapkamers),A,https://cloud.funda.nl/valentina_media/231/608/947.jpg?options=width=1440,52bb412986,interior_other,0.9977
44426066,500000,86,4 kamers (3 slaapkamers),A,https://cloud.funda.nl/valentina_media/231/608/904.jpg?options=width=1080,2013139b35,interior_other,0.9858
44426066,500000,86,4 kamers (3 slaapkamers),A,https://cloud.funda.nl/valentina_media/231/608/856.jpg?options=width=2160,b6e6952fca,interior_other,0.9937
44426066,500000,86,4 kamers (3 slaapkamers),A,https://cloud.funda.nl/valentina_media/231/608/950.jpg?options=width=1080,02a143ee93,interior_other,0.9854
44426066,500000,86,4 kamers (3 slaapkamers),A,https://cloud.funda.nl/valentina_media/231/608/850.jpg?options=width=1440,899fa72546,interior_other,0.9982
44426066,500000,86,4 kamers (3 slaapkamers),A,https://cloud.funda.nl/valentina_media/231/608/964.jpg?options=width=2160,6230dc316b,exterior_house_garden,0.9927
44426066,500000,86,4 kamers (3 slaapkamers),A,https://cloud.funda.nl/valentina_media/231/608/920.jpg?options=width=1080,4bb25a05f1,exterior_other,0.6392
44426066,500000,86,4 kamers (3 slaapkamers),A,https://cloud.funda.nl/valentina_media/231/608/907.jpg?options=width=1080,3717e6f05b,interior_other,0.9437
44426066,500000,86,4 kamers (3 slaapkamers),A,https://cloud.funda.nl/valentina_media/231/608/887.jpg?options=width=2160,c42fb33e2c,interior_other,0.9414
44426066,500000,86,4 kamers (3 slaapkamers),A,https://cloud.funda.nl/valentina_media/231/608/914.jpg?options=width=1440,aab5467a85,interior_other,0.9452
44426066,500000,86,4 kamers (3 slaapkamers),A,https://cloud.funda.nl/valentina_media/231/608/858.jpg?options=width=1440,e06c0de502,interior_other,0.9123
44426066,500000,86,4 kamers (3 slaapkamers),A,https://cloud.funda.nl/valentina_media/231/608/928.jpg?options=width=2160,9b7bc3ecec,interior_other,0.9993
44426066,500000,86,4 kamers (3 slaapkamers),A,https://cloud.funda.nl/valentina_media/231/608/882.jpg?options=width=1080,7c10303923,interior_other,0.9983
44426066,500000,86,4 kamers (3 slaapkamers),A,https://cloud.funda.nl/valentina_media/231/608/952.jpg?options=width=1080,a28a36b699,interior_other,0.8936
44426066,500000,86,4 kamers (3 slaapkamers),A,https://cloud.funda.nl/valentina_media/231/608/958.jpg?options=width=2160,2e1fb98df1,interior_other,0.9437
44426066,500000,86,4 kamers (3 slaapkamers),A,https://cloud.funda.nl/valentina_media/231/608/854.jpg?options=width=1440,db699208b4,interior_bathroom,0.993
44426066,500000,86,4 kamers (3 slaapkamers),A,https://cloud.funda.nl/valentina_media/231/608/881.jpg?options=width=1080,c91735e4e8,interior_bathroom,0.9995
44426066,500000,86,4 kamers (3 slaapkamers),A,https://cloud.funda.nl/valentina_media/231/608/997.jpg?options=width=2160,7b46c7cfba,interior_bathroom,0.9841
44426066,500000,86,4 kamers (3 slaapkamers),A,https://cloud.funda.nl/valentina_media/231/609/020.jpg?options=width=1080,894cae2ec4,interior_other,0.7534
44426066,500000,86,4 kamers (3 slaapkamers),A,https://cloud.funda.nl/valentina_media/231/609/008.jpg?options=width=1440,9f9c5186e8,exterior_other,0.6927
44426066,500000,86,4 kamers (3 slaapkamers),A,https://cloud.funda.nl/valentina_media/231/609/005.jpg?options=width=2160,c403e92594,exterior_house_garden,0.7513
44426066,500000,86,4 kamers (3 slaapkamers),A,https://cloud.funda.nl/valentina_media/231/608/986.jpg?options=width=1080,43d3464969,other_map,1.0
44426066,500000,86,4 kamers (3 slaapkamers),A,https://cloud.funda.nl/valentina_media/231/609/009.jpg?options=width=1080,f85beb634c,other_map,0.9991
44426066,500000,86,4 kamers (3 slaapkamers),A,https://cloud.funda.nl/valentina_media/231/609/007.jpg?options=width=2160,a6d26a5f4a,other_map,0.999
44426066,500000,86,4 kamers (3 slaapkamers),A,https://cloud.funda.nl/valentina_media/231/608/982.jpg?options=width=1440,dc832673ea,other_map,1.0
44426066,500000,86,4 kamers (3 slaapkamers),A,https://cloud.funda.nl/valentina_media/231/608/999.jpg?options=width=1440,919f1f04db,other_map,0.9994
44427779,1350000,202,6 kamers (4 slaapkamers),E,https://cloud.funda.nl/valentina_media/231/638/278.jpg?options=width=1080,4794592703,exterior_house_garden,0.9954
44427779,1350000,202,6 kamers (4 slaapkamers),E,https://cloud.funda.nl/valentina_media/231/638/259.jpg?options=width=1080,78a6857c69,interior_other,1.0
44427779,1350000,202,6 kamers (4 slaapkamers),E,https://cloud.funda.nl/valentina_media/231/638/292.jpg?options=width=2160,54b65a1d27,interior_other,0.9953
44427779,1350000,202,6 kamers (4 slaapkamers),E,https://cloud.funda.nl/valentina_media/231/638/227.jpg?options=width=1440,575dbf0dc0,exterior_house_garden,0.8064
44427779,1350000,202,6 kamers (4 slaapkamers),E,https://cloud.funda.nl/valentina_media/231/638/229.jpg?options=width=1440,ccf26811ad,exterior_house_garden,0.9303
44427779,1350000,202,6 kamers (4 slaapkamers),E,https://cloud.funda.nl/valentina_media/231/638/293.jpg?options=width=2160,c478db197b,exterior_other,0.8205
44427779,1350000,202,6 kamers (4 slaapkamers),E,https://cloud.funda.nl/valentina_media/231/638/277.jpg?options=width=1080,5afe37cbfb,interior_other,0.9915
44427779,1350000,202,6 kamers (4 slaapkamers),E,https://cloud.funda.nl/valentina_media/231/638/263.jpg?options=width=1080,d709a241a9,interior_other,0.9984
44427779,1350000,202,6 kamers (4 slaapkamers),E,https://cloud.funda.nl/valentina_media/231/638/254.jpg?options=width=2160,540de70b3c,interior_other,0.9984
44427779,1350000,202,6 kamers (4 slaapkamers),E,https://cloud.funda.nl/valentina_media/231/638/256.jpg?options=width=1440,4953a5aae8,interior_other,1.0
44427779,1350000,202,6 kamers (4 slaapkamers),E,https://cloud.funda.nl/valentina_media/231/638/268.jpg?options=width=1080,b2fcdf17ba,interior_other,0.977
44427779,1350000,202,6 kamers (4 slaapkamers),E,https://cloud.funda.nl/valentina_media/231/638/235.jpg?options=width=2160,8965e0e81a,interior_other,0.991
44427779,1350000,202,6 kamers (4 slaapkamers),E,https://cloud.funda.nl/valentina_media/231/638/249.jpg?options=width=1080,1da99f44e8,interior_other,0.976
44427779,1350000,202,6 kamers (4 slaapkamers),E,https://cloud.funda.nl/valentina_media/231/638/244.jpg?options=width=1440,ee6ea07558,interior_other,1.0
44427779,1350000,202,6 kamers (4 slaapkamers),E,https://cloud.funda.nl/valentina_media/231/638/251.jpg?options=width=2160,1dad51641a,interior_other,0.9987
44427779,1350000,202,6 kamers (4 slaapkamers),E,https://cloud.funda.nl/valentina_media/231/638/280.jpg?options=width=1080,373d945c83,interior_other,0.979
44427779,1350000,202,6 kamers (4 slaapkamers),E,https://cloud.funda.nl/valentina_media/231/638/305.jpg?options=width=1080,a47a05dd77,interior_other,0.9975
44427779,1350000,202,6 kamers (4 slaapkamers),E,https://cloud.funda.nl/valentina_media/231/638/262.jpg?options=width=2160,f8155eccfe,exterior_house_garden,0.8183
44427779,1350000,202,6 kamers (4 slaapkamers),E,https://cloud.funda.nl/valentina_media/231/638/271.jpg?options=width=1440,836d132d44,exterior_house_garden,0.9166
44427779,1350000,202,6 kamers (4 slaapkamers),E,https://cloud.funda.nl/valentina_media/231/638/282.jpg?options=width=1440,71b32be8af,exterior_house_garden,0.7053
44427779,1350000,202,6 kamers (4 slaapkamers),E,https://cloud.funda.nl/valentina_media/231/638/283.jpg?options=width=2160,128be300c7,exterior_house_garden,0.9907
44427779,1350000,202,6 kamers (4 slaapkamers),E,https://cloud.funda.nl/valentina_media/231/638/279.jpg?options=width=1080,2ed28c3ff7,exterior_house_garden,0.9252
44427779,1350000,202,6 kamers (4 slaapkamers),E,https://cloud.funda.nl/valentina_media/231/638/230.jpg?options=width=1080,c0e3e63ab7,interior_other,0.8386
44427779,1350000,202,6 kamers (4 slaapkamers),E,https://cloud.funda.nl/valentina_media/231/638/234.jpg?options=width=2160,166d08a6b3,interior_other,0.8639
44427779,1350000,202,6 kamers (4 slaapkamers),E,https://cloud.funda.nl/valentina_media/231/638/231.jpg?options=width=1440,1219f42cf2,interior_other,0.9798
44427779,1350000,202,6 kamers (4 slaapkamers),E,https://cloud.funda.nl/valentina_media/231/638/272.jpg?options=width=1080,491d2ebcde,interior_other,0.9998
44427779,1350000,202,6 kamers (4 slaapkamers),E,https://cloud.funda.nl/valentina_media/231/638/240.jpg?options=width=2160,d2c512e6e5,interior_other,0.9945
44427779,1350000,202,6 kamers (4 slaapkamers),E,https://cloud.funda.nl/valentina_media/231/638/306.jpg?options=width=1080,7600907ca6,interior_other,0.9998
44427779,1350000,202,6 kamers (4 slaapkamers),E,https://cloud.funda.nl/valentina_media/231/638/290.jpg?options=width=1440,a2f3e721c1,exterior_balcony,0.9254
44427779,1350000,202,6 kamers (4 slaapkamers),E,https://cloud.funda.nl/valentina_media/231/638/261.jpg?options=width=2160,2d592ace36,interior_other,0.9999
44427779,1350000,202,6 kamers (4 slaapkamers),E,https://cloud.funda.nl/valentina_media/231/638/243.jpg?options=width=1080,5efde9531f,interior_other,0.9988
44427779,1350000,202,6 kamers (4 slaapkamers),E,https://cloud.funda.nl/valentina_media/231/638/270.jpg?options=width=1080,da78511dce,interior_bathroom,0.622
44427779,1350000,202,6 kamers (4 slaapkamers),E,https://cloud.funda.nl/valentina_media/231/638/247.jpg?options=width=2160,a3c03d2000,interior_other,0.9999
44427779,1350000,202,6 kamers (4 slaapkamers),E,https://cloud.funda.nl/valentina_media/231/638/248.jpg?options=width=1440,2f8a474cd3,interior_bathroom,0.8368
44427779,1350000,202,6 kamers (4 slaapkamers),E,https://cloud.funda.nl/valentina_media/231/638/295.jpg?options=width=1440,f43b12b33b,interior_bathroom,0.8554
44427779,1350000,202,6 kamers (4 slaapkamers),E,https://cloud.funda.nl/valentina_media/231/638/275.jpg?options=width=2160,529472d7bd,interior_bathroom,0.8798
44427779,1350000,202,6 kamers (4 slaapkamers),E,https://cloud.funda.nl/valentina_media/231/638/298.jpg?options=width=1080,d68aa39465,interior_bathroom,0.999
44427779,1350000,202,6 kamers (4 slaapkamers),E,https://cloud.funda.nl/valentina_media/231/638/260.jpg?options=width=1080,7096c2a670,interior_other,0.5839
44427779,1350000,202,6 kamers (4 slaapkamers),E,https://cloud.funda.nl/valentina_media/231/638/264.jpg?options=width=2160,1e116831f0,interior_other,0.9957
44427779,1350000,202,6 kamers (4 slaapkamers),E,https://cloud.funda.nl/valentina_media/231/638/228.jpg?options=width=1440,027b5aef05,exterior_house_garden,0.8804
44427779,1350000,202,6 kamers (4 slaapkamers),E,https://cloud.funda.nl/valentina_media/231/638/250.jpg?options=width=1080,3a18db53ed,interior_other,0.9909
44427779,1350000,202,6 kamers (4 slaapkamers),E,https://cloud.funda.nl/valentina_media/231/638/284.jpg?options=width=2160,d85cd1a886,interior_other,0.9999
44427779,1350000,202,6 kamers (4 slaapkamers),E,https://cloud.funda.nl/valentina_media/231/638/289.jpg?options=width=1080,e6e38ddb87,interior_other,0.7588
44427779,1350000,202,6 kamers (4 slaapkamers),E,https://cloud.funda.nl/valentina_media/231/638/300.jpg?options=width=1440,193959d1f1,interior_bathroom,1.0
44427779,1350000,202,6 kamers (4 slaapkamers),E,https://cloud.funda.nl/valentina_media/231/638/255.jpg?options=width=2160,773f40365f,exterior_house_garden,0.8145
44427779,1350000,202,6 kamers (4 slaapkamers),E,https://cloud.funda.nl/valentina_media/231/638/246.jpg?options=width=1080,674e203787,exterior_house_garden,0.9681
44427779,1350000,202,6 kamers (4 slaapkamers),E,https://cloud.funda.nl/valentina_media/231/638/253.jpg?options=width=1080,6430d20819,exterior_other,0.7232
44427779,1350000,202,6 kamers (4 slaapkamers),E,https://cloud.funda.nl/valentina_media/231/638/287.jpg?options=width=2160,0cbf7f8131,other_map,0.9993
44427779,1350000,202,6 kamers (4 slaapkamers),E,https://cloud.funda.nl/valentina_media/231/638/226.jpg?options=width=1440,bdf0a107f1,other_map,1.0
44427779,1350000,202,6 kamers (4 slaapkamers),E,https://cloud.funda.nl/valentina_media/231/638/303.jpg?options=width=1440,5ff25e25de,other_map,0.9998
44427779,1350000,202,6 kamers (4 slaapkamers),E,https://cloud.funda.nl/valentina_media/231/638/257.jpg?options=width=2160,ddb2a7ab4a,other_map,0.9958
44427779,1350000,202,6 kamers (4 slaapkamers),E,https://cloud.funda.nl/valentina_media/231/638/237.jpg?options=width=1080,818cef22cd,other_map,0.8544
44427779,1350000,202,6 kamers (4 slaapkamers),E,https://cloud.funda.nl/valentina_media/231/638/266.jpg?options=width=1080,5d0a5d2344,other_map,1.0
80881334,395000,96,4 kamers (3 slaapkamers),B,https://cloud.funda.nl/valentina_media/231/639/167.jpg?options=width=1080,94fd9f6232,exterior_house_garden,0.9689
80881334,395000,96,4 kamers (3 slaapkamers),B,https://cloud.funda.nl/valentina_media/231/639/183.jpg?options=width=1080,dd8c3444b7,interior_bathroom,0.9816
80881334,395000,96,4 kamers (3 slaapkamers),B,https://cloud.funda.nl/valentina_media/231/639/184.jpg?options=width=2160,ae1701946c,interior_other,1.0
80881334,395000,96,4 kamers (3 slaapkamers),B,https://cloud.funda.nl/valentina_media/231/639/173.jpg?options=width=1440,0b5cb36e8a,exterior_other,0.6204
80881334,395000,96,4 kamers (3 slaapkamers),B,https://cloud.funda.nl/valentina_media/231/639/164.jpg?options=width=1440,9a32548002,exterior_house_garden,0.9827
80881334,395000,96,4 kamers (3 slaapkamers),B,https://cloud.funda.nl/valentina_media/231/639/182.jpg?options=width=2160,a87069c511,exterior_other,0.9829
80881334,395000,96,4 kamers (3 slaapkamers),B,https://cloud.funda.nl/valentina_media/231/639/158.jpg?options=width=1080,6144180127,interior_other,0.8688
80881334,395000,96,4 kamers (3 slaapkamers),B,https://cloud.funda.nl/valentina_media/231/639/189.jpg?options=width=1080,6038e0a09d,interior_other,0.9398
80881334,395000,96,4 kamers (3 slaapkamers),B,https://cloud.funda.nl/valentina_media/231/639/185.jpg?options=width=2160,185fa92e2e,interior_other,0.9991
80881334,395000,96,4 kamers (3 slaapkamers),B,https://cloud.funda.nl/valentina_media/231/639/190.jpg?options=width=1440,fb6745ac40,interior_other,0.9991
80881334,395000,96,4 kamers (3 slaapkamers),B,https://cloud.funda.nl/valentina_media/231/639/175.jpg?options=width=1080,b526e6c51b,interior_other,0.9999
80881334,395000,96,4 kamers (3 slaapkamers),B,https://cloud.funda.nl/valentina_media/231/639/174.jpg?options=width=2160,9f71aab8ce,interior_other,0.9997
80881334,395000,96,4 kamers (3 slaapkamers),B,https://cloud.funda.nl/valentina_media/231/639/156.jpg?options=width=1080,7e62691bd2,interior_other,0.999
80881334,395000,96,4 kamers (3 slaapkamers),B,https://cloud.funda.nl/valentina_media/231/639/162.jpg?options=width=1440,26fd9365d2,interior_other,0.8366
80881334,395000,96,4 kamers (3 slaapkamers),B,https://cloud.funda.nl/valentina_media/231/639/155.jpg?options=width=2160,19b4286037,interior_bathroom,0.8719
80881334,395000,96,4 kamers (3 slaapkamers),B,https://cloud.funda.nl/valentina_media/231/639/172.jpg?options=width=1080,d4aeb37923,interior_other,0.9969
80881334,395000,96,4 kamers (3 slaapkamers),B,https://cloud.funda.nl/valentina_media/231/639/154.jpg?options=width=1080,d5abb42aa2,interior_other,0.9686
80881334,395000,96,4 kamers (3 slaapkamers),B,https://cloud.funda.nl/valentina_media/231/639/191.jpg?options=width=2160,d3a490ffd7,interior_other,0.9972
80881334,395000,96,4 kamers (3 slaapkamers),B,https://cloud.funda.nl/valentina_media/231/639/186.jpg?options=width=1440,183ab5f8ad,interior_other,1.0
80881334,395000,96,4 kamers (3 slaapkamers),B,https://cloud.funda.nl/valentina_media/231/639/165.jpg?options=width=1440,4dedd52294,interior_other,0.9974
80881334,395000,96,4 kamers (3 slaapkamers),B,https://cloud.funda.nl/valentina_media/231/639/168.jpg?options=width=2160,e262f0c819,exterior_house_garden,0.9677
80881334,395000,96,4 kamers (3 slaapkamers),B,https://cloud.funda.nl/valentina_media/231/639/181.jpg?options=width=1080,7ddd79c8b8,exterior_other,0.921
80881334,395000,96,4 kamers (3 slaapkamers),B,https://cloud.funda.nl/valentina_media/231/639/171.jpg?options=width=1080,795f2dca75,exterior_other,0.866
80881334,395000,96,4 kamers (3 slaapkamers),B,https://cloud.funda.nl/valentina_media/231/639/177.jpg?options=width=2160,7cd1fd6fdc,interior_bathroom,0.9979
80881334,395000,96,4 kamers (3 slaapkamers),B,https://cloud.funda.nl/valentina_media/231/639/160.jpg?options=width=1440,61ed0d1866,interior_bathroom,0.9816
80881334,395000,96,4 kamers (3 slaapkamers),B,https://cloud.funda.nl/valentina_media/231/639/176.jpg?options=width=1080,fd4b634ec6,interior_other,0.9925
80881334,395000,96,4 kamers (3 slaapkamers),B,https://cloud.funda.nl/valentina_media/231/639/152.jpg?options=width=2160,850cacc2f0,interior_other,0.9917
80881334,395000,96,4 kamers (3 slaapkamers),B,https://cloud.funda.nl/valentina_media/231/639/170.jpg?options=width=1080,f3be0ca1cc,interior_other,0.9896
80881334,395000,96,4 kamers (3 slaapkamers),B,https://cloud.funda.nl/valentina_media/231/639/169.jpg?options=width=1440,7ba28a5b4d,interior_other,0.9972
80881334,395000,96,4 kamers (3 slaapkamers),B,https://cloud.funda.nl/valentina_media/231/639/161.jpg?options=width=2160,2d452b064a,interior_other,0.998
80881334,395000,96,4 kamers (3 slaapkamers),B,https://cloud.funda.nl/valentina_media/231/639/180.jpg?options=width=1080,c5e577bfef,interior_other,0.9805
80881334,395000,96,4 kamers (3 slaapkamers),B,https://cloud.funda.nl/valentina_media/231/639/166.jpg?options=width=1080,e4dc15d6a4,exterior_house_garden,0.8826
80881334,395000,96,4 kamers (3 slaapkamers),B,https://cloud.funda.nl/valentina_media/231/639/188.jpg?options=width=2160,3e9623f2c0,exterior_house_garden,0.9652
80881334,395000,96,4 kamers (3 slaapkamers),B,https://cloud.funda.nl/valentina_media/231/639/157.jpg?options=width=1440,77b38b2fb7,exterior_house_garden,0.9071
80881334,395000,96,4 kamers (3 slaapkamers),B,https://cloud.funda.nl/valentina_media/231/639/153.jpg?options=width=1440,a3b6dfa771,exterior_house_garden,0.9406
80881334,395000,96,4 kamers (3 slaapkamers),B,https://cloud.funda.nl/valentina_media/231/639/179.jpg?options=width=2160,e9dfa51492,exterior_house_garden,0.9995
80881334,395000,96,4 kamers (3 slaapkamers),B,https://cloud.funda.nl/valentina_media/231/639/159.jpg?options=width=1080,8445e70bf2,other_map,0.9998
80881334,395000,96,4 kamers (3 slaapkamers),B,https://cloud.funda.nl/valentina_media/231/639/163.jpg?options=width=1080,3e954ecbdf,other_map,0.9983
80881334,395000,96,4 kamers (3 slaapkamers),B,https://cloud.funda.nl/valentina_media/231/639/178.jpg?options=width=2160,2e03a6121f,other_map,0.9998
80881334,395000,96,4 kamers (3 slaapkamers),B,https://cloud.funda.nl/valentina_media/231/639/187.jpg?options=width=1440,5af7c2387c,other_map,0.9981
44426973,390000,68,3 kamers (2 slaapkamers),A,https://cloud.funda.nl/valentina_media/231/605/722.jpg?options=width=1080,1b12355ff2,exterior_other,0.5402
44426973,390000,68,3 kamers (2 slaapkamers),A,https://cloud.funda.nl/valentina_media/231/605/936.jpg?options=width=1080,57d0af28f1,interior_other,0.8688
44426973,390000,68,3 kamers (2 slaapkamers),A,https://cloud.funda.nl/valentina_media/231/605/640.jpg?options=width=2160,b269ff8659,interior_other,0.9956
44426973,390000,68,3 kamers (2 slaapkamers),A,https://cloud.funda.nl/valentina_media/231/605/885.jpg?options=width=1440,0eeb0e468c,exterior_house_garden,0.8957
44426973,390000,68,3 kamers (2 slaapkamers),A,https://cloud.funda.nl/valentina_media/231/605/553.jpg?options=width=1440,e64257d176,interior_other,0.9395
44426973,390000,68,3 kamers (2 slaapkamers),A,https://cloud.funda.nl/valentina_media/231/605/650.jpg?options=width=2160,cfb2199c50,interior_other,0.9565
44426973,390000,68,3 kamers (2 slaapkamers),A,https://cloud.funda.nl/valentina_media/231/605/851.jpg?options=width=1080,20d154d754,interior_other,1.0
44426973,390000,68,3 kamers (2 slaapkamers),A,https://cloud.funda.nl/valentina_media/231/605/725.jpg?options=width=1080,adab92d2fa,interior_other,0.9996
44426973,390000,68,3 kamers (2 slaapkamers),A,https://cloud.funda.nl/valentina_media/231/605/758.jpg?options=width=2160,5f1d27dacb,interior_other,0.8713
44426973,390000,68,3 kamers (2 slaapkamers),A,https://cloud.funda.nl/valentina_media/231/605/627.jpg?options=width=1440,c03e7cfe2d,interior_other,0.9989
44426973,390000,68,3 kamers (2 slaapkamers),A,https://cloud.funda.nl/valentina_media/231/605/544.jpg?options=width=1080,004781441e,interior_other,0.9995
44426973,390000,68,3 kamers (2 slaapkamers),A,https://cloud.funda.nl/valentina_media/231/605/602.jpg?options=width=2160,531fc73171,interior_other,0.9994
44426973,390000,68,3 kamers (2 slaapkamers),A,https://cloud.funda.nl/valentina_media/231/605/632.jpg?options=width=1080,4dcaedbdaa,interior_other,0.999
44426973,390000,68,3 kamers (2 slaapkamers),A,https://cloud.funda.nl/valentina_media/231/605/825.jpg?options=width=1440,15d81fbcf3,interior_other,0.9944
44426973,390000,68,3 kamers (2 slaapkamers),A,https://cloud.funda.nl/valentina_media/231/605/624.jpg?options=width=2160,9eadc83747,interior_other,0.9996
44426973,390000,68,3 kamers (2 slaapkamers),A,https://cloud.funda.nl/valentina_media/231/605/558.jpg?options=width=1080,660a50b400,interior_other,1.0
44426973,390000,68,3 kamers (2 slaapkamers),A,https://cloud.funda.nl/valentina_media/231/605/747.jpg?options=width=1080,25e36ae0cf,interior_other,0.9871
44426973,390000,68,3 kamers (2 slaapkamers),A,https://cloud.funda.nl/valentina_media/231/605/761.jpg?options=width=2160,e8d145113b,interior_other,1.0
44426973,390000,68,3 kamers (2 slaapkamers),A,https://cloud.funda.nl/valentina_media/231/605/782.jpg?options=width=1440,0bcc5656f0,interior_other,0.9999
44426973,390000,68,3 kamers (2 slaapkamers),A,https://cloud.funda.nl/valentina_media/231/605/884.jpg?options=width=1440,8316368879,interior_other,0.9976
44426973,390000,68,3 kamers (2 slaapkamers),A,https://cloud.funda.nl/valentina_media/231/605/693.jpg?options=width=2160,8cc5b9aa06,interior_other,0.9935
44426973,390000,68,3 kamers (2 slaapkamers),A,https://cloud.funda.nl/valentina_media/231/605/941.jpg?options=width=1080,49843023c6,exterior_balcony,0.9883
44426973,390000,68,3 kamers (2 slaapkamers),A,https://cloud.funda.nl/valentina_media/231/605/867.jpg?options=width=1080,278b64429d,exterior_balcony,0.9964
44426973,390000,68,3 kamers (2 slaapkamers),A,https://cloud.funda.nl/valentina_media/231/605/833.jpg?options=width=2160,80c6af3ef7,interior_other,0.8879
44426973,390000,68,3 kamers (2 slaapkamers),A,https://cloud.funda.nl/valentina_media/231/605/664.jpg?options=width=1440,181b7786ae,interior_bathroom,0.9836
44426973,390000,68,3 kamers (2 slaapkamers),A,https://cloud.funda.nl/valentina_media/231/605/749.jpg?options=width=1080,7098cd38a3,interior_bathroom,0.9702
44426973,390000,68,3 kamers (2 slaapkamers),A,https://cloud.funda.nl/valentina_media/231/605/682.jpg?options=width=2160,38d56b152c,interior_bathroom,0.9938
44426973,390000,68,3 kamers (2 slaapkamers),A,https://cloud.funda.nl/valentina_media/231/605/636.jpg?options=width=1080,b09ce16b19,exterior_balcony,0.515
44426973,390000,68,3 kamers (2 slaapkamers),A,https://cloud.funda.nl/valentina_media/231/605/585.jpg?options=width=1440,9e90d07383,exterior_house_garden,0.8554
44426973,390000,68,3 kamers (2 slaapkamers),A,https://cloud.funda.nl/valentina_media/231/605/716.jpg?options=width=2160,94599bb4df,exterior_other,0.9755
44426973,390000,68,3 kamers (2 slaapkamers),A,https://cloud.funda.nl/valentina_media/231/605/735.jpg?options=width=1080,34ccb7b731,exterior_house_garden,0.6839
44426973,390000,68,3 kamers (2 slaapkamers),A,https://cloud.funda.nl/valentina_media/231/605/663.jpg?options=width=1080,d3a4c49c9b,other_map,1.0
44426973,390000,68,3 kamers (2 slaapkamers),A,https://cloud.funda.nl/valentina_media/231/608/389.jpg?options=width=2160,6618974108,other_map,1.0
44427724,400000,45,3 kamers (2 slaapkamers),A,https://cloud.funda.nl/valentina_media/231/640/666.jpg?options=width=1080,2b0499b57c,interior_other,0.9975
44427724,400000,45,3 kamers (2 slaapkamers),A,https://cloud.funda.nl/valentina_media/231/640/643.jpg?options=width=1080,0dbb75ebce,exterior_house_garden,0.5288
44427724,400000,45,3 kamers (2 slaapkamers),A,https://cloud.funda.nl/valentina_media/231/640/656.jpg?options=width=2160,ddba94c2ce,interior_other,0.9999
44427724,400000,45,3 kamers (2 slaapkamers),A,https://cloud.funda.nl/valentina_media/231/640/661.jpg?options=width=1440,53cfb5c87c,interior_other,0.991
44427724,400000,45,3 kamers (2 slaapkamers),A,https://cloud.funda.nl/valentina_media/231/640/646.jpg?options=width=1440,3c785e4e0d,interior_other,0.9986
44427724,400000,45,3 kamers (2 slaapkamers),A,https://cloud.funda.nl/valentina_media/231/640/648.jpg?options=width=2160,7637c5f8d0,interior_other,0.9095
44427724,400000,45,3 kamers (2 slaapkamers),A,https://cloud.funda.nl/valentina_media/231/640/665.jpg?options=width=1080,4eea0e8abb,interior_other,0.9992
44427724,400000,45,3 kamers (2 slaapkamers),A,https://cloud.funda.nl/valentina_media/231/640/667.jpg?options=width=1080,91fa17f32a,interior_other,0.9991
44427724,400000,45,3 kamers (2 slaapkamers),A,https://cloud.funda.nl/valentina_media/231/640/649.jpg?options=width=2160,b43db207ee,interior_other,0.9975
44427724,400000,45,3 kamers (2 slaapkamers),A,https://cloud.funda.nl/valentina_media/231/640/645.jpg?options=width=1440,07c22926c0,interior_other,0.6349
44427724,400000,45,3 kamers (2 slaapkamers),A,https://cloud.funda.nl/valentina_media/231/640/641.jpg?options=width=1080,e8c828e84a,interior_other,0.9994
44427724,400000,45,3 kamers (2 slaapkamers),A,https://cloud.funda.nl/valentina_media/231/640/644.jpg?options=width=2160,cca0ba32ee,interior_other,0.9924
44427724,400000,45,3 kamers (2 slaapkamers),A,https://cloud.funda.nl/valentina_media/231/640/662.jpg?options=width=1080,d952d46972,interior_other,0.9982
44427724,400000,45,3 kamers (2 slaapkamers),A,https://cloud.funda.nl/valentina_media/231/640/652.jpg?options=width=1440,022c9dfc03,interior_other,0.9998
44427724,400000,45,3 kamers (2 slaapkamers),A,https://cloud.funda.nl/valentina_media/231/640/663.jpg?options=width=2160,7166e2a49c,interior_other,0.9997
44427724,400000,45,3 kamers (2 slaapkamers),A,https://cloud.funda.nl/valentina_media/231/640/653.jpg?options=width=1080,4fa2113ecd,interior_bathroom,0.9899
44427724,400000,45,3 kamers (2 slaapkamers),A,https://cloud.funda.nl/valentina_media/231/640/647.jpg?options=width=1080,7a5a46d870,interior_other,0.8077
44427724,400000,45,3 kamers (2 slaapkamers),A,https://cloud.funda.nl/valentina_media/231/640/657.jpg?options=width=2160,c46778c92d,exterior_balcony,0.9914
44427724,400000,45,3 kamers (2 slaapkamers),A,https://cloud.funda.nl/valentina_media/231/640/650.jpg?options=width=1440,9d1996f1ff,exterior_other,0.8727
44427724,400000,45,3 kamers (2 slaapkamers),A,https://cloud.funda.nl/valentina_media/231/640/660.jpg?options=width=1440,043a54677f,exterior_other,0.938
44427724,400000,45,3 kamers (2 slaapkamers),A,https://cloud.funda.nl/valentina_media/231/640/668.jpg?options=width=2160,b2d501bdec,exterior_other,0.9924
44427724,400000,45,3 kamers (2 slaapkamers),A,https://cloud.funda.nl/valentina_media/231/640/651.jpg?options=width=1080,9b7bfc2c59,exterior_other,0.9997
44427724,400000,45,3 kamers (2 slaapkamers),A,https://cloud.funda.nl/valentina_media/231/640/658.jpg?options=width=1080,23b886392b,interior_other,0.6121
44427724,400000,45,3 kamers (2 slaapkamers),A,https://cloud.funda.nl/valentina_media/231/640/654.jpg?options=width=2160,c0cfac7e10,exterior_other,0.5171
44427724,400000,45,3 kamers (2 slaapkamers),A,https://cloud.funda.nl/valentina_media/231/640/659.jpg?options=width=1440,868140d216,other_map,0.9998
44427724,400000,45,3 kamers (2 slaapkamers),A,https://cloud.funda.nl/valentina_media/231/640/655.jpg?options=width=1080,e3a39a6494,other_map,0.9999
44427724,400000,45,3 kamers (2 slaapkamers),A,https://cloud.funda.nl/valentina_media/231/640/642.jpg?options=width=2160,e6f6ec0ac1,other_map,1.0
44427724,400000,45,3 kamers (2 slaapkamers),A,https://cloud.funda.nl/valentina_media/231/640/664.jpg?options=width=1080,b99c7e6c47,other_map,1.0
80881349,417500,97,5 kamers (4 slaapkamers),B,https://cloud.funda.nl/valentina_media/231/639/608.jpg?options=width=1080,b73212f82a,exterior_house_garden,0.9856
80881349,417500,97,5 kamers (4 slaapkamers),B,https://cloud.funda.nl/valentina_media/231/639/591.jpg?options=width=1080,59a84731a7,interior_other,0.9907
80881349,417500,97,5 kamers (4 slaapkamers),B,https://cloud.funda.nl/valentina_media/231/639/598.jpg?options=width=2160,502ca33419,exterior_house_garden,0.9339
80881349,417500,97,5 kamers (4 slaapkamers),B,https://cloud.funda.nl/valentina_media/231/639/600.jpg?options=width=1440,7fffc6a258,exterior_house_garden,0.965
80881349,417500,97,5 kamers (4 slaapkamers),B,https://cloud.funda.nl/valentina_media/231/639/605.jpg?options=width=1440,df100563f4,interior_bathroom,0.7982
80881349,417500,97,5 kamers (4 slaapkamers),B,https://cloud.funda.nl/valentina_media/231/639/595.jpg?options=width=2160,d5e55b6b08,interior_other,0.9874
80881349,417500,97,5 kamers (4 slaapkamers),B,https://cloud.funda.nl/valentina_media/231/639/597.jpg?options=width=1080,efc45f1721,interior_other,0.996
80881349,417500,97,5 kamers (4 slaapkamers),B,https://cloud.funda.nl/valentina_media/231/639/580.jpg?options=width=1080,178ba42f21,interior_other,0.9956
80881349,417500,97,5 kamers (4 slaapkamers),B,https://cloud.funda.nl/valentina_media/231/639/593.jpg?options=width=2160,922e0ccf63,interior_other,0.9897
80881349,417500,97,5 kamers (4 slaapkamers),B,https://cloud.funda.nl/valentina_media/231/639/606.jpg?options=width=1440,742a31c4af,interior_other,0.998
80881349,417500,97,5 kamers (4 slaapkamers),B,https://cloud.funda.nl/valentina_media/231/639/594.jpg?options=width=1080,02c1171527,interior_other,0.9995
80881349,417500,97,5 kamers (4 slaapkamers),B,https://cloud.funda.nl/valentina_media/231/639/592.jpg?options=width=2160,b63bc43f90,interior_other,0.9976
80881349,417500,97,5 kamers (4 slaapkamers),B,https://cloud.funda.nl/valentina_media/231/639/590.jpg?options=width=1080,3f1e26f989,interior_other,0.9971
80881349,417500,97,5 kamers (4 slaapkamers),B,https://cloud.funda.nl/valentina_media/231/639/611.jpg?options=width=1440,982d121cec,interior_other,0.9884
80881349,417500,97,5 kamers (4 slaapkamers),B,https://cloud.funda.nl/valentina_media/231/639/596.jpg?options=width=2160,3e3becc5dd,interior_other,0.9889
80881349,417500,97,5 kamers (4 slaapkamers),B,https://cloud.funda.nl/valentina_media/231/639/573.jpg?options=width=1080,62da88d0fc,interior_other,0.9988
80881349,417500,97,5 kamers (4 slaapkamers),B,https://cloud.funda.nl/valentina_media/231/639/613.jpg?options=width=1080,082982b9cf,interior_other,1.0
80881349,417500,97,5 kamers (4 slaapkamers),B,https://cloud.funda.nl/valentina_media/231/639/588.jpg?options=width=2160,587ea00ff7,interior_other,0.9972
80881349,417500,97,5 kamers (4 slaapkamers),B,https://cloud.funda.nl/valentina_media/231/639/609.jpg?options=width=1440,fd1236e231,interior_other,0.9982
80881349,417500,97,5 kamers (4 slaapkamers),B,https://cloud.funda.nl/valentina_media/231/639/575.jpg?options=width=1440,cf12de3081,interior_bathroom,0.9997
80881349,417500,97,5 kamers (4 slaapkamers),B,https://cloud.funda.nl/valentina_media/231/639/585.jpg?options=width=2160,6b36ede1f5,interior_bathroom,0.9991
80881349,417500,97,5 kamers (4 slaapkamers),B,https://cloud.funda.nl/valentina_media/231/639/571.jpg?options=width=1080,4d9c85c8d6,interior_bathroom,0.5354
80881349,417500,97,5 kamers (4 slaapkamers),B,https://cloud.funda.nl/valentina_media/231/639/570.jpg?options=width=1080,a13f598aa7,interior_bathroom,0.9947
80881349,417500,97,5 kamers (4 slaapkamers),B,https://cloud.funda.nl/valentina_media/231/639/574.jpg?options=width=2160,c33ca45366,interior_other,0.9754
80881349,417500,97,5 kamers (4 slaapkamers),B,https://cloud.funda.nl/valentina_media/231/639/599.jpg?options=width=1440,3736b30ca3,interior_other,0.9924
80881349,417500,97,5 kamers (4 slaapkamers),B,https://cloud.funda.nl/valentina_media/231/639/567.jpg?options=width=1080,5da6b8375e,interior_other,0.9992
80881349,417500,97,5 kamers (4 slaapkamers),B,https://cloud.funda.nl/valentina_media/231/639/576.jpg?options=width=2160,06d2efd229,exterior_house_garden,0.9524
80881349,417500,97,5 kamers (4 slaapkamers),B,https://cloud.funda.nl/valentina_media/231/639/604.jpg?options=width=1080,5a8bcc07ee,exterior_house_garden,0.9634
80881349,417500,97,5 kamers (4 slaapkamers),B,https://cloud.funda.nl/valentina_media/231/639/584.jpg?options=width=1440,a786ae73a4,exterior_house_garden,0.9449
80881349,417500,97,5 kamers (4 slaapkamers),B,https://cloud.funda.nl/valentina_media/231/639/589.jpg?options=width=2160,e489a3e63e,exterior_house_garden,0.9974
80881349,417500,97,5 kamers (4 slaapkamers),B,https://cloud.funda.nl/valentina_media/231/639/577.jpg?options=width=1080,ac630100bc,exterior_other,0.8056
80881349,417500,97,5 kamers (4 slaapkamers),B,https://cloud.funda.nl/valentina_media/231/639/601.jpg?options=width=1080,c0940233fb,exterior_other,0.9666
80881349,417500,97,5 kamers (4 slaapkamers),B,https://cloud.funda.nl/valentina_media/231/639/582.jpg?options=width=2160,d6647f72d1,exterior_other,0.8507
80881349,417500,97,5 kamers (4 slaapkamers),B,https://cloud.funda.nl/valentina_media/231/639/581.jpg?options=width=1440,7b34e301e2,exterior_other,0.9866
80881349,417500,97,5 kamers (4 slaapkamers),B,https://cloud.funda.nl/valentina_media/231/639/607.jpg?options=width=1440,d705b130f5,exterior_other,0.9073
80881349,417500,97,5 kamers (4 slaapkamers),B,https://cloud.funda.nl/valentina_media/231/639/572.jpg?options=width=2160,6900f57a4b,exterior_house_garden,0.9974
80881349,417500,97,5 kamers (4 slaapkamers),B,https://cloud.funda.nl/valentina_media/231/639/579.jpg?options=width=1080,f81d3401ae,exterior_house_garden,0.998
80881349,417500,97,5 kamers (4 slaapkamers),B,https://cloud.funda.nl/valentina_media/231/639/602.jpg?options=width=1080,50c3be5737,exterior_other,0.7025
80881349,417500,97,5 kamers (4 slaapkamers),B,https://cloud.funda.nl/valentina_media/231/639/568.jpg?options=width=2160,49b4dd4d38,exterior_other,0.9349
80881349,417500,97,5 kamers (4 slaapkamers),B,https://cloud.funda.nl/valentina_media/231/639/610.jpg?options=width=1440,b917f0091a,exterior_other,0.8123
80881349,417500,97,5 kamers (4 slaapkamers),B,https://cloud.funda.nl/valentina_media/231/639/586.jpg?options=width=1080,e7d001b7f5,exterior_other,0.6878
80881349,417500,97,5 kamers (4 slaapkamers),B,https://cloud.funda.nl/valentina_media/231/639/603.jpg?options=width=2160,e1edd78370,other_map,1.0
80881349,417500,97,5 kamers (4 slaapkamers),B,https://cloud.funda.nl/valentina_media/231/639/612.jpg?options=width=1080,b5069b6bbd,other_map,0.9978
80881349,417500,97,5 kamers (4 slaapkamers),B,https://cloud.funda.nl/valentina_media/231/639/587.jpg?options=width=1440,a626f6f460,other_map,0.9994
80881349,417500,97,5 kamers (4 slaapkamers),B,https://cloud.funda.nl/valentina_media/231/639/583.jpg?options=width=2160,151c973573,other_map,1.0
44427799,450000,132,5 kamers (3 slaapkamers),C,https://cloud.funda.nl/valentina_media/231/639/264.jpg?options=width=1080,08698165ea,exterior_house_garden,0.9965
44427799,450000,132,5 kamers (3 slaapkamers),C,https://cloud.funda.nl/valentina_media/231/639/279.jpg?options=width=1080,b2aeff840a,interior_other,0.8837
44427799,450000,132,5 kamers (3 slaapkamers),C,https://cloud.funda.nl/valentina_media/231/639/286.jpg?options=width=2160,f455919a80,exterior_house_garden,0.7331
44427799,450000,132,5 kamers (3 slaapkamers),C,https://cloud.funda.nl/valentina_media/231/639/314.jpg?options=width=1440,192d08c4e0,interior_other,0.9999
44427799,450000,132,5 kamers (3 slaapkamers),C,https://cloud.funda.nl/valentina_media/231/639/309.jpg?options=width=1440,ab277f7576,exterior_house_garden,0.9737
44427799,450000,132,5 kamers (3 slaapkamers),C,https://cloud.funda.nl/valentina_media/231/639/288.jpg?options=width=2160,106821b88a,interior_other,1.0
44427799,450000,132,5 kamers (3 slaapkamers),C,https://cloud.funda.nl/valentina_media/231/639/271.jpg?options=width=1080,61dd7d5c49,interior_other,0.9997
44427799,450000,132,5 kamers (3 slaapkamers),C,https://cloud.funda.nl/valentina_media/231/639/275.jpg?options=width=1080,49f88dde93,interior_other,1.0
44427799,450000,132,5 kamers (3 slaapkamers),C,https://cloud.funda.nl/valentina_media/231/639/298.jpg?options=width=2160,29d7254e29,interior_other,0.9988
44427799,450000,132,5 kamers (3 slaapkamers),C,https://cloud.funda.nl/valentina_media/231/639/307.jpg?options=width=1440,f8b07f8ba9,interior_other,0.9995
44427799,450000,132,5 kamers (3 slaapkamers),C,https://cloud.funda.nl/valentina_media/231/639/310.jpg?options=width=1080,349b5ded88,interior_other,0.9988
44427799,450000,132,5 kamers (3 slaapkamers),C,https://cloud.funda.nl/valentina_media/231/639/322.jpg?options=width=2160,710e5a3616,interior_other,0.9972
44427799,450000,132,5 kamers (3 slaapkamers),C,https://cloud.funda.nl/valentina_media/231/639/289.jpg?options=width=1080,ed69ec486d,interior_other,0.9926
44427799,450000,132,5 kamers (3 slaapkamers),C,https://cloud.funda.nl/valentina_media/231/639/281.jpg?options=width=1440,4580f7383d,interior_other,0.9353
44427799,450000,132,5 kamers (3 slaapkamers),C,https://cloud.funda.nl/valentina_media/231/639/302.jpg?options=width=2160,362047e2e1,interior_other,0.9925
44427799,450000,132,5 kamers (3 slaapkamers),C,https://cloud.funda.nl/valentina_media/231/639/283.jpg?options=width=1080,512344c339,interior_other,0.9999
44427799,450000,132,5 kamers (3 slaapkamers),C,https://cloud.funda.nl/valentina_media/231/639/292.jpg?options=width=1080,e7d3dc5b7a,interior_other,0.9975
44427799,450000,132,5 kamers (3 slaapkamers),C,https://cloud.funda.nl/valentina_media/231/639/317.jpg?options=width=2160,4775cb61d0,interior_other,0.969
44427799,450000,132,5 kamers (3 slaapkamers),C,https://cloud.funda.nl/valentina_media/231/639/285.jpg?options=width=1440,7479ba7006,interior_other,0.9967
44427799,450000,132,5 kamers (3 slaapkamers),C,https://cloud.funda.nl/valentina_media/231/639/265.jpg?options=width=1440,36b3db02da,interior_other,0.9984
44427799,450000,132,5 kamers (3 slaapkamers),C,https://cloud.funda.nl/valentina_media/231/639/308.jpg?options=width=2160,27edfcdcaa,interior_other,0.9952
44427799,450000,132,5 kamers (3 slaapkamers),C,https://cloud.funda.nl/valentina_media/231/639/312.jpg?options=width=1080,19cd587801,interior_other,0.9961
44427799,450000,132,5 kamers (3 slaapkamers),C,https://cloud.funda.nl/valentina_media/231/639/274.jpg?options=width=1080,0c22338fe4,interior_other,1.0
44427799,450000,132,5 kamers (3 slaapkamers),C,https://cloud.funda.nl/valentina_media/231/639/282.jpg?options=width=2160,9f47c118f6,interior_other,0.914
44427799,450000,132,5 kamers (3 slaapkamers),C,https://cloud.funda.nl/valentina_media/231/639/305.jpg?options=width=1440,bb9645d153,interior_other,0.8591
44427799,450000,132,5 kamers (3 slaapkamers),C,https://cloud.funda.nl/valentina_media/231/639/273.jpg?options=width=1080,22ee62cae2,interior_other,0.9982
44427799,450000,132,5 kamers (3 slaapkamers),C,https://cloud.funda.nl/valentina_media/231/639/287.jpg?options=width=2160,379eb623eb,interior_other,0.849
44427799,450000,132,5 kamers (3 slaapkamers),C,https://cloud.funda.nl/valentina_media/231/639/277.jpg?options=width=1080,0dfc6dc5a4,interior_other,0.7776
44427799,450000,132,5 kamers (3 slaapkamers),C,https://cloud.funda.nl/valentina_media/231/639/284.jpg?options=width=1440,7edef4a9a5,exterior_house_garden,0.763
44427799,450000,132,5 kamers (3 slaapkamers),C,https://cloud.funda.nl/valentina_media/231/639/296.jpg?options=width=2160,378ceaae0e,exterior_balcony,0.9962
44427799,450000,132,5 kamers (3 slaapkamers),C,https://cloud.funda.nl/valentina_media/231/639/304.jpg?options=width=1080,48616ac5ee,interior_other,0.9835
44427799,450000,132,5 kamers (3 slaapkamers),C,https://cloud.funda.nl/valentina_media/231/639/272.jpg?options=width=1080,feda685100,interior_other,0.9529
44427799,450000,132,5 kamers (3 slaapkamers),C,https://cloud.funda.nl/valentina_media/231/639/303.jpg?options=width=2160,9a8697ddc1,interior_other,0.9998
44427799,450000,132,5 kamers (3 slaapkamers),C,https://cloud.funda.nl/valentina_media/231/639/319.jpg?options=width=1440,fcda18c375,interior_other,0.9974
44427799,450000,132,5 kamers (3 slaapkamers),C,https://cloud.funda.nl/valentina_media/231/639/293.jpg?options=width=1440,66edc195b3,interior_other,0.993
44427799,450000,132,5 kamers (3 slaapkamers),C,https://cloud.funda.nl/valentina_media/231/639/318.jpg?options=width=2160,0d6533984e,interior_other,0.9998
44427799,450000,132,5 kamers (3 slaapkamers),C,https://cloud.funda.nl/valentina_media/231/639/294.jpg?options=width=1080,9abcdbdb03,interior_other,0.9998
44427799,450000,132,5 kamers (3 slaapkamers),C,https://cloud.funda.nl/valentina_media/231/639/291.jpg?options=width=1080,daaad7b7ad,interior_other,0.9991
44427799,450000,132,5 kamers (3 slaapkamers),C,https://cloud.funda.nl/valentina_media/231/639/315.jpg?options=width=2160,4fdf112849,interior_bathroom,1.0
44427799,450000,132,5 kamers (3 slaapkamers),C,https://cloud.funda.nl/valentina_media/231/639/280.jpg?options=width=1440,b5d2cb56e7,interior_bathroom,0.5126
44427799,450000,132,5 kamers (3 slaapkamers),C,https://cloud.funda.nl/valentina_media/231/639/316.jpg?options=width=1080,faef1511e3,exterior_other,0.9404
44427799,450000,132,5 kamers (3 slaapkamers),C,https://cloud.funda.nl/valentina_media/231/639/290.jpg?options=width=2160,6ace3652fb,exterior_house_garden,0.936
44427799,450000,132,5 kamers (3 slaapkamers),C,https://cloud.funda.nl/valentina_media/231/639/301.jpg?options=width=1080,ddecb0073e,exterior_house_garden,0.8022
44427799,450000,132,5 kamers (3 slaapkamers),C,https://cloud.funda.nl/valentina_media/231/639/321.jpg?options=width=1440,492294645f,exterior_house_garden,0.9922
44427799,450000,132,5 kamers (3 slaapkamers),C,https://cloud.funda.nl/valentina_media/231/639/270.jpg?options=width=2160,c48ee15a31,exterior_house_garden,0.9467
44427799,450000,132,5 kamers (3 slaapkamers),C,https://cloud.funda.nl/valentina_media/231/639/267.jpg?options=width=1080,981deccebb,exterior_other,0.4206
44427799,450000,132,5 kamers (3 slaapkamers),C,https://cloud.funda.nl/valentina_media/231/639/313.jpg?options=width=1080,a6a7f7605a,exterior_balcony,0.4413
44427799,450000,132,5 kamers (3 slaapkamers),C,https://cloud.funda.nl/valentina_media/231/639/323.jpg?options=width=2160,a2d422151a,exterior_house_garden,0.508
44427799,450000,132,5 kamers (3 slaapkamers),C,https://cloud.funda.nl/valentina_media/231/639/306.jpg?options=width=1440,37931d06c2,exterior_other,0.9201
44427799,450000,132,5 kamers (3 slaapkamers),C,https://cloud.funda.nl/valentina_media/231/639/268.jpg?options=width=1440,cf78d8971d,exterior_other,0.9977
44427799,450000,132,5 kamers (3 slaapkamers),C,https://cloud.funda.nl/valentina_media/231/639/297.jpg?options=width=2160,d321fd909d,other_banner,0.6616
44427799,450000,132,5 kamers (3 slaapkamers),C,https://cloud.funda.nl/valentina_media/231/639/295.jpg?options=width=1080,36d6caf309,exterior_other,0.9284
44427799,450000,132,5 kamers (3 slaapkamers),C,https://cloud.funda.nl/valentina_media/231/639/278.jpg?options=width=1080,001ec5faa7,exterior_house_garden,0.9899
44427799,450000,132,5 kamers (3 slaapkamers),C,https://cloud.funda.nl/valentina_media/231/639/299.jpg?options=width=2160,b3e050ffc8,other_banner,1.0
44427799,450000,132,5 kamers (3 slaapkamers),C,https://cloud.funda.nl/valentina_media/231/639/266.jpg?options=width=1440,d8e5559d1b,other_map,0.9992
44427799,450000,132,5 kamers (3 slaapkamers),C,https://cloud.funda.nl/valentina_media/231/639/276.jpg?options=width=1080,01411fb06e,other_map,1.0
44427799,450000,132,5 kamers (3 slaapkamers),C,https://cloud.funda.nl/valentina_media/231/639/269.jpg?options=width=2160,80cacc8726,other_map,0.9999
44427799,450000,132,5 kamers (3 slaapkamers),C,https://cloud.funda.nl/valentina_media/231/639/300.jpg?options=width=1080,d1d34c92ab,other_map,1.0
44427799,450000,132,5 kamers (3 slaapkamers),C,https://cloud.funda.nl/valentina_media/231/639/311.jpg?options=width=1440,e8082af77c,other_map,0.9993
